,stt,name,address,lat,lng,reviews,rating,query,city
0,1,BÃI ĐỖ XE Ô TÔ,"Address: 39b P. Phúc Xá, Phúc xá, Ba Đình, Hà Nội, Vietnam",21.0478608,105.8457672,"[""The parking lot is large, covered and outdoor, the price is cheaper than other parking lots in the area, guarded day and night. Covered price is 2 million/month, outdoor is 1.5 million/month.""]",4.3,bãi đỗ xe Hà Nội,Hà Nội
1,2,Bãi đỗ xe,"Address: 293 Đ. Lê Duẩn, Lê Đại Hành, Đống Đa, Hà Nội, Vietnam",21.0149662,105.8415221,"[""Parking space is clear and convenient""]",4.5,bãi đỗ xe Hà Nội,Hà Nội
2,3,Bãi đỗ xe Ngọc Hà,"Address: 2RQH+JJV, Ngọc Hồ, Ba Đình, Hà Nội, Vietnam",21.0391194,105.8290374,"[""It's a bubbly and a energetic space of Hanoi a part of the old Quarter but bang on the north west point of the Hoan Kiem Lake..\nIt's not too hard to find a parking space here especially for bikes even in the …"", ""Always full of cars,want to park here should have good chance.""]",3.9,bãi đỗ xe Hà Nội,Hà Nội
3,4,Bãi đỗ xe Trường Chinh,"Address: 315 Đ. Trường Chinh, Khương Thượng, Thanh Xuân, Hà Nội, Vietnam",21.0018285,105.8229903,"[""The parking lot is spacious, there is a high-rise parking lot for cars, getting a car is quite convenient, and the staff is enthusiastic to support customers."", ""Please give me your phone number""]",4.9,bãi đỗ xe Hà Nội,Hà Nội
4,5,Bãi đỗ xe công viên Thủ Lệ,"Address: 2RJ5+QPF, Ngọc Khánh, Ba Đình, Hà Nội, Vietnam",21.0319313,105.8093104,"[""Car and motorbike parking lot, VETC sweeps by the hour is also quite high. The lot is just gravel with no markings. There is also no roof, quite makeshift."", ""Ok, support payment by VETC, OTO 25,000 VND/hour""]",3.8,bãi đỗ xe Hà Nội,Hà Nội
5,6,Bãi gửi xe,"Address: Ngh. 207/28 P. Bùi Xương Trạch, Chương Dương Độ, Hoàn Kiếm, Hà Nội, Vietnam",20.9867769,105.8198008,"[""Washes very clean, cheap price"", ""Enthusiastic protection""]",3.7,bãi đỗ xe Hà Nội,Hà Nội
6,7,Bãi Đỗ Xe Ô Tô,"Address: 33 P. Lý Thường Kiệt, Hàng Bài, Hoàn Kiếm, Hà Nội, Vietnam",21.0224655,105.8532371,"[""Linh Pho chicken noodle soup is open from 5:00 p.m. to 11:00 p.m"", ""Friendly and enthusiastic staff""]",4.8,bãi đỗ xe Hà Nội,Hà Nội
7,8,Bãi đỗ xe,"Address: 36 P. Hoàng Cầu, Chợ Dừa, Đống Đa, Hà Nội, Vietnam",21.0190385,105.8242586,[],4.0,bãi đỗ xe Hà Nội,Hà Nội
8,9,Bãi đỗ xe thổ quan,"Address: 2R8P+83R, Thổ Quan, Đống Đa, Hà Nội, Vietnam",21.015855,105.8351441,"[""There are cars parked in the middle of the street, at the median strip between the two directions. I wonder if it's because of the coordination of the parking staff?""]",4.5,bãi đỗ xe Hà Nội,Hà Nội
9,10,Bãi Gửi Xe D4-D6,"Address: 17duong Đ. Giải Phóng, Đồng Tâm, Hai Bà Trưng, Hà Nội, Vietnam",21.004815,105.8422449,"[""Comfortable, spacious and airy facilities, serving a large number of vehicles for students and school staff. Just opened another place in the wonderful D8 basement""]",5.0,bãi đỗ xe Hà Nội,Hà Nội
10,11,Điểm Gửi Xe Máy,"Address: 51/2 Ng. 128C P. Đại La, Đồng Tâm, Hai Bà Trưng, Hà Nội, Vietnam",20.9984002,105.8444061,"[""Clean restrooms. plenty of food""]",4.7,bãi đỗ xe Hà Nội,Hà Nội
11,12,Công Ty Khai Thác Điểm Đỗ Xe Hà Nội,"Address: 17 Hàng Đậu, Đồng Xuân, Hoàn Kiếm, Hà Nội, Vietnam",21.0403202,105.8491282,[],3.3,bãi đỗ xe Hà Nội,Hà Nội
12,13,Bãi Gửi Xe,"Address: Ngõ 27 Đ. Đại Cồ Việt, Cầu Dền, Hai Bà Trưng, Hà Nội, Vietnam",21.008089,105.8500022,[],5.0,bãi đỗ xe Hà Nội,Hà Nội
13,14,Bãi đỗ xe,"Address: Ngõ 920 Đ. Bạch Đằng, Thanh Lương, Hai Bà Trưng, Hà Nội, Vietnam",21.0067726,105.8695203,[],,bãi đỗ xe Hà Nội,Hà Nội
14,15,Bãi gửi xe D9,"Address: D9 P. Trần Đại Nghĩa, Đồng Tâm, Hai Bà Trưng, Hà Nội, Vietnam",21.0039847,105.8441366,"[""Can parking lot D9 accommodate cars?"", ""Spacious for many cars""]",3.6,bãi đỗ xe Hà Nội,Hà Nội
15,16,Bãi Đậu Xe 24/7,"Address: 1 P. Tố Hữu, Nhân Chính, Thanh Xuân, Hà Nội 100000, Vietnam",20.9987748,105.7964516,[],5.0,bãi đỗ xe Hà Nội,Hà Nội
16,17,Bãi gửi xe số 1,"Address: Khu đô thị Định Công, Hoàng Mai, Hanoi, Vietnam",20.9868287,105.8312314,"[""Car parking lot in Dinh Cong urban area"", ""Located at the end of Tran Dien street, there is also a car wash service which is very convenient.""]",4.2,bãi đỗ xe Hà Nội,Không xác định
17,18,Bãi đỗ xe máy,"Address: 64 Ng. 45 Đ. Võ Chí, Nghĩa Đô, Cầu Giấy, Hà Nội, Vietnam",21.0507824,105.8033172,[],1.0,bãi đỗ xe Hà Nội,Hà Nội
18,19,Bãi đo xe,"Address: Ngõ 90 P. Yên Lạc, Vĩnh Tuy, Hai Bà Trưng, Hà Nội, Vietnam",21.001345,105.864885,"[""Large parking lot""]",5.0,bãi đỗ xe Hà Nội,Hà Nội
19,20,Bãi đỗ xe ô tô Nguyễn Công Hoan,"Address: 8 P. Nguyễn Công Hoan, Giảng Võ, Ba Đình, Hà Nội, Vietnam",21.0272685,105.8167297,"[""Modern 3-storey parking lot, very civilized""]",4.1,bãi đỗ xe Hà Nội,Hà Nội
20,21,Thường tín hà nội,"Address: 2RM4+R2M, Cầu Dịch Vọng, Quan Hoa, Ba Đình, Hà Nội, Vietnam",21.034584,105.8050563,[],4.7,parking Hà Nội,Hà Nội
21,22,Bac Co Parking,"Address: 214 Đ. Trần Khánh Dư, Street, Hoàn Kiếm, Hà Nội, Vietnam",21.0264429,105.8590661,"[""Very beautiful, ancient, well preserved.""]",3.9,parking Hà Nội,Hà Nội
22,23,Bãi gửi xe Mirai,"Address: 56 P. Hai Bà Trưng, Hàng Bông, Hoàn Kiếm, Hà Nội, Vietnam",21.025945,105.8472596,[],5.0,parking Hà Nội,Hà Nội
23,24,15A Phương Mai,"Address: 15A Phương Mai, Đống Đa, Hà Nội 100000, Vietnam",21.0038019,105.8386591,"[""I was born in 75, Huu Huan Khoi went deep in the morning until noon around 11:30 a.m. to buy military shirts. Now the teams visit Bac Ninh pagoda because Mr. Park brought shares of the stilt houses to the market on Monday, so he negated the legitimate temple of blood."", ""Paying for parking and nagging is so scary, now even the security guards are so powerful""]",4.2,parking Hà Nội,Hà Nội
24,25,117 Trần Duy Hưng Parking,"Address: 117 Đ. Trần Duy Hưng, Trung Hoà, Cầu Giấy, Hà Nội, Vietnam",21.0079468,105.7972974,"[""Spacious and clean parking lot"", ""Can you park the car overnight? price please""]",3.8,parking Hà Nội,Hà Nội
25,26,Đường thanh niên,"Address: 7 Đ. Thanh Niên, Trúc Bạch, Ba Đình, Hà Nội, Vietnam",21.0473743,105.837221,"[""The road goes between West Lake and Truc Bach Lake. This road goes in the summer afternoon to watch the sunset on West Lake, which is extremely beautiful and romantic.""]",5.0,parking Hà Nội,Hà Nội
26,27,Gather Vietnam's Parking Space,"Address: 40 Xóm Chùa, Quảng An, Tây Hồ, Hà Nội, Vietnam",21.0626553,105.8227416,"[""Drinks are good, staff is also enthusiastic, the shop space is beautifully decorated"", ""The shop is so beautiful, it looks cool, very retreat, very green.\nThe shop plays good music. I like Dung Cuc's song the most, very handsome. Thanh Kieu"", ""The service staff is very enthusiastic and friendly, the food suits my taste, especially Ragu. Will come back next time""]",5.0,parking Hà Nội,Hà Nội
27,28,Mèo Cô Ca thân thiện,"Address: 101c8 P. Thành Công, Khu tập thể Bắc Thành Công, Ba Đình, Hà Nội, Vietnam",21.0232827,105.8124959,"[""The gentle and friendly fat cat lives with the infamous orange cat. The owners are also easy-going and wash their hair okay."", ""the cat is very soft and smelly""]",5.0,parking Hà Nội,Hà Nội
28,29,Bãi đỗ xe CP taxi Hà Nội,"Address: 2R67+RV6, Ng. 105 P. Láng Hạ, Láng Hạ, Đống Đa, Hà Nội, Vietnam",21.0120375,105.8146406,[],4.0,parking Hà Nội,Hà Nội
29,30,Gửi xe Công viên - Nguyễn Đình Chiểu,"Address: 2R8X+M32, P. Nguyễn Đình Chiểu, Lê Đại Hành, Hai Bà Trưng, Hà Nội, Vietnam",21.0166327,105.8476317,"[""Near the National Eye Hospital"", ""Reasonable and transparent prices"", ""Very reasonable price with 40k and the car is enthusiastic and fun""]",3.9,parking Hà Nội,Hà Nội
30,31,EVN parking lot,"Address: 1 P. Nguyễn Khắc Nhu, Trúc Bạch, Ba Đình, Hà Nội, Vietnam",21.0439337,105.8429688,"[""Small one and not enough for all evn people."", ""The outdoor beach is quite large, licensed, and usually full after 8:30 a.m. to noon. 24/7 custody. Mainly for employees and guests of 2 EVN buildings"", ""Parking lot for EVN""]",3.2,parking Hà Nội,Hà Nội
31,32,Đổ than,"Address: 2RHM+4M3, Văn Miếu – Quốc Tử Giám, Đống Đa, Hà Nội, Vietnam",21.0277644,105.8341598,[],,parking Hà Nội,Hà Nội
32,33,D6 Thành Công,"Address: Ngõ 9 P. Nguyên Hồng, Thành Công, Ba Đình, Hà Nội, Vietnam",21.023622,105.812858,"[""Is there any place nearby that allows monthly parking?""]",5.0,parking Hà Nội,Hà Nội
33,34,Bãi Gửi Xe,"Address: 21 P. Thái Thịnh, Ngã Tư Sở, Hoàn Kiếm, Hà Nội, Vietnam",21.006453,105.821833,"[""This parking lot is full of natural dogs and chickens.""]",4.3,parking Hà Nội,Hà Nội
34,35,"Cửa hàng lốp,ác quy 517 Minh Khai","Address: 517 P. Minh Khai, Vĩnh Phú, Hai Bà Trưng, Hà Nội, Vietnam",21.0000794,105.870658,"[""Very good service worthy of 5 stars.""]",5.0,parking Hà Nội,Hà Nội
35,36,Bến Xe Nam Anh,"Address: 2V3G+756, Thanh Long, Hai Bà Trưng, Hà Nội, Vietnam",21.003154,105.8754037,"[""Meeting the night shift guard was very kind! Sometimes there's a lot of cars and it's just a little irritating! 🤣🤣🤣 …"", ""A professional bus station and good transportation service."", ""Near A Dung Cua warehouse""]",4.0,parking Hà Nội,Hà Nội
36,37,Temporary car parking place,"Address: XRJ8+G4M, Kim Văn, Thanh Xuân, Hà Nội, Vietnam",20.9813418,105.8152956,"[""High fees, crowded, many cars out of order""]",4.2,parking Hà Nội,Hà Nội
37,38,Bãi xe Hà anh 161 trần hoà,"Address: ngõ 161 P. Trần Hòa, Định Công, Hoàng Mai, Hà Nội, Vietnam",20.9756617,105.8256676,[],4.5,parking Hà Nội,Hà Nội
38,39,Bãi Xe Thuý Lĩnh ( Số 1 Thuý Lĩnh ),"Address: Số 1 Thúy Lĩnh, Lĩnh Nam, Hoàng Mai, Hà Nội, Vietnam",20.9781845,105.8917778,"[""An amazing experience for children. My classes enjoyed all the activities:\n\nToday's Trip: …"", ""The first border gate at the end of Linh Nam road is a parking lot for transporting goods to the highlands. 20k deliveries are convenient, but the parking lot is difficult to access.""]",4.2,parking Hà Nội,Hà Nội
39,40,Bãi Để Xe Chùa Láng,"Address: 157 P. Chùa Láng, Láng Thượng, Đống Đa, Hà Nội, Vietnam",21.0231036,105.8031782,"[""Enthusiastic and responsible parking lot with ok prices"", ""Spacious parking. The parking lot owner is enthusiastic and cheerful. Parking price 180k/day (<3 days), 160k/day (>3 days). The car owner owns the car, the parking lot is not responsible..."", ""Just brought the car here to be washed so I met a friendly guy. I was drinking tea somewhere else and he brought the car over for me.""]",3.7,parking Hà Nội,Hà Nội
40,41,Bệnh viện nhi trung ương,"Address: 2RG5+542, Bệnh Viện Nhi, Láng Thượng, Đống Đa, Hà Nội, Vietnam",21.0253945,105.8077691,"[""All for the future of our children. Giving future generations the best conditions to overcome challenges.""]",4.2,parking Hà Nội,Hà Nội
41,42,Bãi giữ xe đình Kim Liên,"Address: 152 P. Xã Đàn, Phương Liên, Đống Đa, Hà Nội, Vietnam",21.010115,105.838317,"[""Spontaneous parking lot inside the Kim Lien Village Well area and on the sidewalk in front of the Kim Lien Village Well.\nThe number of monthly ticket vehicles is up to more than 500 motorbikes, dozens …""]",2.0,parking Hà Nội,Hà Nội
42,43,BÃI ĐỖ XE ÔTÔ NGÀY ĐÊM,"Address: An Dương Vương, Phố Thượng Thụy, Hanoi City, Hà Nội 000084, Vietnam",21.089516,105.8022578,[],,parking Hà Nội,Hà Nội
43,44,Bãi Xe Huệ Duy Hà Nội,"Address: XVPX+FJ6, Lĩnh Nam, Hoàng Mai, Hà Nội, Vietnam",20.9861586,105.8990136,[],,parking Hà Nội,Hà Nội
44,45,Logitem Parking Lot,"Address: B10A P. Nguyễn Chánh, Trung Hoà, Cầu Giấy, Hà Nội, Vietnam",21.0163652,105.7863976,"[""Overnight parking is available""]",3.0,parking Hà Nội,Hà Nội
45,46,Xe tài thọ cầu cảng hà nội,"Address: 78 Đ. Bạch Đằng, Thanh Long, Hai Bà Trưng, Hà Nội, Vietnam",21.0041043,105.8715487,[],,parking Hà Nội,Hà Nội
46,47,Bãi gửi xe,"Address: Số 73 Ngh. 3/4 P. Hoàng Đạo Thành, Hạ Đình, Thanh Xuân, Hà Nội, Vietnam",20.9820363,105.8123172,[],4.0,parking Hà Nội,Hà Nội
47,48,Bãi đỗ xe Yên Phụ Nghi Tàm,"Address: 3R5M+CM7, Đ. Nghi Tàm, Yên Phụ, Tây Hồ, Hà Nội, Vietnam",21.0585258,105.8341597,[],,parking Hà Nội,Hà Nội
48,49,Bãi xe Electric Power University,"Address: 235 Hoàng Quốc Việt, Khu tập thể Nghĩa Tân, Cầu Giấy, Hà Nội, Vietnam",21.0470872,105.7851829,[],5.0,parking Hà Nội,Hà Nội
49,50,Bãi Gửi Xe số 16 ngõ 296,"Address: 16 Ngõ 296 Lĩnh Nam, Lĩnh Nam, Hoàng Mai, Hà Nội, Vietnam",20.9798947,105.8790592,"[""Cheap price, enthusiastic service"", ""Good service, affordable price.""]",3.3,parking Hà Nội,Hà Nội
50,51,Garage Lương Yên,"Address: 173 P. Hồng Mai, Bạch Mai, Hai Bà Trưng, Hà Nội, Vietnam",20.9988776,105.8553498,[],4.0,parking Hà Nội,Hà Nội
51,52,Parking Lot of the Institute,"Address: 2W4J+FCP, Trâu Quỳ, Gia Lâm, Hà Nội, Vietnam",21.006217,105.9310918,"[""Modern facilities but the security guards behave inappropriately, especially towards students! …""]",3.3,parking Hà Nội,Hà Nội
52,53,Bãi xe Hằng Nga,"Address: 885 Đ. Tam Trinh, Yên Sở, Hoàng Mai, Hà Nội, Vietnam",20.9721098,105.865428,"[""It's OK, everyone, it's dirty there and there are a lot of rats.""]",4.0,parking Hà Nội,Hà Nội
53,54,Bãi gửi xe CV Thống Nhất,"Address: 2R5W+873, Lê Đại Hành, Hai Bà Trưng, Hà Nội, Vietnam",21.0082606,105.8456587,"[""People ride their bicycles into the park but the security guards ask for an additional fee? …""]",2.8,parking Hà Nội,Hà Nội
54,55,Điểm Đỗ xe Trần Nhật Duật,"Address: 2VP3+M9V, Đ. Trần Nhật Duật, Phố cổ Hà Nội, Hoàn Kiếm, Hà Nội, Vietnam",21.0367286,105.8534301,[],5.0,parking Hà Nội,Hà Nội
55,56,Bãi Xe 68 Chu Văn An,"Address: XRC5+RCW, ĐL Chu Văn An, Thanh Liệt, Thanh Trì, Hà Nội, Vietnam",20.9721177,105.8085842,"[""OK. Very convenient""]",4.6,parking Hà Nội,Hà Nội
56,57,Bãi xe Bát Tràng - Xuân Quan,"Address: Cống Xuân Quan, Khu đô thị Ecopark, Gia Lâm, Hà Nội, Vietnam",20.9730109,105.9198668,"[""I have sent goods here, very reputable, reasonable price""]",4.5,parking Hà Nội,Hà Nội
57,58,"Bãi đỗ xe Ô tô đình Giáp Tứ (đỗ xe ngày, đêm, theo tháng)","Address: 33 Ngách 143/74 Phố Nguyễn Chính, Thịnh Liệt, Hoàng Mai, Hà Nội, Vietnam",20.9761118,105.8511079,[],4.7,parking Hà Nội,Hà Nội
58,59,Bãi xe Tuấn Trọc,"Address: XVJV+VGP, Lĩnh Nam, Hoàng Mai, Hà Nội, Vietnam",20.9822103,105.8938192,[],4.3,parking Hà Nội,Hà Nội
59,60,Bãi đỗ xe 81 Láng Hạ,"Address: 17 Ng. 81 P. Láng Hạ, Chợ Dừa, Ba Đình, Hà Nội, Vietnam",21.0177942,105.8168796,"[""24/24 monthly ticket:\n300k motorbike\n2,500k car""]",4.0,parking Hà Nội,Hà Nội
60,61,Bãi giữ xe Linh Lang - Phan Kế Bính,"Address: P. Linh Lang/Lane 62 P. Phan Kế Bính, Cống Vị, Ba Đình, Hà Nội, Vietnam",21.034806,105.8103702,"[""Convenient location, reasonable price""]",4.5,parking Hà Nội,Hà Nội
61,62,Hầm Gửi Xe Mễ Trì Hạ,"Address: Đ. Mễ Trì, Khu đô thị Mễ Trì Hạ, Nam Từ Liêm, Hà Nội 12012, Vietnam",21.0143398,105.7816885,"[""Good place for a walk"", ""I have parked my car several times and found it very clean and the price is reasonable. I will definitely come back next time.""]",4.9,parking Hà Nội,Hà Nội
62,63,Bãi xe GT,"Address: 2 P. Huỳnh Tấn Phát, Thạch Bàn, Long Biên, Hà Nội, Vietnam",21.0251767,105.9051243,"[""Do you accept motorbikes there?""]",5.0,parking Hà Nội,Hà Nội
63,64,Bãi Xe Tổng Cục 5,"Address: 3/12/123 Đ. Yên Xá, Tân Triều, Thanh Trì, Hà Nội, Vietnam",20.9730653,105.7959768,[],3.9,parking Hà Nội,Hà Nội
64,65,Bến Xe Mỹ Đình,"Address: Xã, Lô 24A Khu đất giá đất, Mỹ Đình, Nam Từ Liêm, Hà Nội, Vietnam",21.0283794,105.7776771,"[""My Dinh bus station is currently one of the major bus stations in Hanoi city and is located on ring road 3 where there is a heavy traffic volume. According to regulations, My Dinh bus station currently only serves passenger buses from the …""]",4.1,parking Hà Nội,Hà Nội
65,66,Công Ty Cp Liên Hợp Ô Tô Thành Đô - Garage Ô Tô Hà Thành,"Address: 953 Đ. Tam Trinh, Yên Sở, Hoàng Mai, Hà Nội, Vietnam",20.9717681,105.8668346,"[""Through Tien Trung 537 TT reported brake light switch 700n, luckily Thanh Do checked for short tie and turned it up, asked how much it cost and heard the answer depends on the situation.""]",3.0,parking Hà Nội,Hà Nội
66,67,Bến xe buýt Long Biên,"Address: E3.2 Điểm Trung Chuyển Long Biên, Trúc Bạch, Ba Đình, Hà Nội, Vietnam",21.041225,105.849589,"[""bac ninh to long bien using bus 54"", ""When going from Hanoi to Bac Ninh, Long Bien is the final stop. It is complicated to move around Hanoi city with many cars."", ""I can't even say it's beautiful.\nEveryone was waiting quietly, but the atmosphere around them made it a bit chaotic. …""]",4.3,parking Hà Nội,Hà Nội
67,68,Gara Khang Ninh,"Address: 55 P. Tứ Liên, Tứ Liên, Tây Hồ, Hà Nội, Vietnam",21.0647482,105.8337437,"[""Beautiful garage!""]",4.6,parking Hà Nội,Hà Nội
68,69,156 parking Phuong Liet,"Address: 86/35 P. Phương Liệt, Phương Liệt, Thanh Xuân, Hà Nội, Vietnam",20.9970109,105.8387855,"[""Protect wealth. Not even 1 minute after entering, I came out to collect money 😏 …"", ""Go in and give the goods to the garage and ask for 5 thousand... you're lying"", ""Came in to deliver the goods and then walked out and lost 5k...""]",2.0,parking Hà Nội,Hà Nội
69,70,Bãi gửi xe C1,"Address: 2R4V+XCX, P. Trần Đại Nghĩa, Bách Khoa, Hai Bà Trưng, Hà Nội, Vietnam",21.0074865,105.8435941,"[""The parking lot is clean and has many shielding buildings so it is quite cool""]",4.5,parking Hà Nội,Hà Nội
70,71,Dirt Town Gara,"Address: Hanoi City, 53 ngõ 172/55 Đ. Âu Cơ, Quảng An, Tây Hồ, Hà Nội 100000, Vietnam",21.0675723,105.8309998,[],,parking Hà Nội,Hà Nội
71,72,Số 119 - Ngõ 24 Kim Đồng - Bãi trông giữ xe ôtô,"Address: 119 Ng. 24 P. Kim Đồng, Giáp Bát, Hoàng Mai, Hà Nội 100000, Vietnam",20.9798651,105.8429116,[],4.0,parking Hà Nội,Hà Nội
72,73,Bãi Xe CX1 VOV,"Address: Bãi Xe VOV, 2/46 Lương Thế Vinh, Trung Văn, Nam Từ Liêm, Hà Nội 10000, Vietnam",20.9925111,105.7949492,[],,parking Hà Nội,Hà Nội
73,74,Bãi Xe Chùa Bộc,"Address: 8 P. Chùa Bộc, Quang Trung, Đống Đa, Hà Nội 11514, Vietnam",21.0073957,105.8293817,"[""Have to walk a distance from Vincom Pham Ngoc Thach and Khuong Thuong market, but the parking lot is spacious, cheap and the service quality is much better than the arrogant and contemptuous attitude of Vincom and Khuong Thuong market."", ""Dishonest security guard, ticket price 5k said 10k then told to transfer to private account, luckily I paid attention"", ""The parking lot has quite a few parking spaces for cars but quite a few parking spaces for motorbikes. Row A (the first row close to the entrance) often has 2-3 seats blocking the parking space for \""special guests\"" even though the parking …""]",2.0,parking Hà Nội,Hà Nội
74,75,Bãi gửi xe viện Phổi,"Address: 25 Ngh. 6/30 P. Đội Nhân, Vĩnh Phú, Ba Đình, Hà Nội, Vietnam",21.0414985,105.8123838,"[""The parking lot is right next to the gate of 2 lung hospitals. I send from morning to noon for 50k"", ""The parking lot is moderately large, if the car is full you have to leave the key, the car price is 40k one time.""]",4.3,parking Hà Nội,Hà Nội
75,76,Bãi xe Đồng Xa 2,"Address: Unnamed Road, Hoàng Mai, Hà Nội, Vietnam",20.9835987,105.8718431,[],5.0,parking Hà Nội,Hà Nội
76,77,Bãi rửa xe đỗ xe,"Address: Vĩnh Hưng, Hoàng Mai, Hanoi, Vietnam",20.9834615,105.8704131,"[""Good, the bus guys come up to relax after 8 hours of work.""]",5.0,parking Hà Nội,Không xác định
77,78,Đội Xe Bệnh Viện 108,"Address: 39 Đ. Trần Khánh Dư, Bạch Đằng, Hai Bà Trưng, Hà Nội, Vietnam",21.0146432,105.862224,[],3.5,parking Hà Nội,Hà Nội
78,79,Garage RVC Hà Anh,"Address: 68 Đ. Cổ Linh, Long Biên, Hà Nội, Vietnam",21.0255316,105.8992808,"[""Thoughtful, trustworthy, enthusiastic\nThe ideal destination to take care of your wife"", ""Enthusiastic, thoughtful and trustworthy. Wish you further development."", ""A very good place to repair and customize cars. Especially pickup trucks.""]",4.6,parking Hà Nội,Hà Nội
79,80,Bãi Xe Limousine - Asia Transport Vietnam,"Address: 129/Đ. Bát Khối/16 60, Tổ 7, Long Biên, Hà Nội, Vietnam",21.0253414,105.8875289,"[""Drivers keep their cars clean."", ""My friends and I used to go on tours from this parking lot, everything was carefully and thoughtfully prepared."", ""I found the parking lot organized scientifically, cars parked neatly, easy to get in without having to wait long.""]",5.0,parking Hà Nội,Hà Nội
80,81,Oanh's Parking Garage,"Address: XPGW+867, Dương Kinh, Hà Đông, Hà Nội, Vietnam",20.9757876,105.7455411,[],,parking Hà Nội,Hà Nội
81,82,Hầm để xe S2,"Address: 2P4Q+GCP, Tây Mỗ, Nam Từ Liêm, Hà Nội, Vietnam",21.0063306,105.7385812,"[""The cellar is a bit cramped.""]",4.0,parking Hà Nội,Hà Nội
82,83,Bãi Đỗ Xe 195 Định Công Hạ,"Address: 195 Định Công Hạ, Định Công, Hoàng Mai, Hà Nội 100000, Vietnam",20.9828599,105.8254294,"[""Parking lot on defense land"", ""The ugliest stadium in Hanoi""]",3.0,parking Hà Nội,Hà Nội
83,84,Hai bà Trưng,"Address: 72 Đ. Nguyễn Khoái, Thanh Trì, Hoàng Mai, Hà Nội, Vietnam",20.997203,105.885224,[],,parking Hà Nội,Hà Nội
84,85,Hatico Hà Nội,"Address: 136 P. Việt Hưng, Phố Lệ Mật, Long Biên, Hà Nội, Vietnam",21.0520398,105.8983856,"[""Thank you b. I have found the address of company b"", ""The beach is so majestic. Too many trailers""]",5.0,parking Hà Nội,Hà Nội
85,86,Bãi đỗ xe TDP Đông Ngạc 1,"Address: 97 Đ. Đông Ngạc, Đông Ngạc, Bắc Từ Liêm, Hà Nội, Vietnam",21.0927489,105.7814958,[],3.5,parking Hà Nội,Hà Nội
86,87,Gara Đại Hiệp (Dũng),"Address: Trụ cầu, 31 Đ. Tân Xuân, Xuân Đỉnh, Bắc Từ Liêm, Hà Nội 15000, Vietnam",21.0788205,105.7861459,"[""Good services for car""]",5.0,parking Hà Nội,Hà Nội
87,88,Car Park Lala House CS4,"Address: Ng. 32 P. An Dương, Yên Phụ, Tây Hồ, Hà Nội 10000, Vietnam",21.0510641,105.8415714,[],,parking Hà Nội,Hà Nội
88,89,Bãi xe Tĩnh Văn Quán,"Address: 265 Chiến Thắng, P. Văn Quán, Hà Đông, Hà Nội, Vietnam",20.9764136,105.7980059,"[""Good service parking lot""]",4.8,parking Hà Nội,Hà Nội
89,90,Bãi xe vận tải bắc nam,"Address: 632 Đ. Lĩnh Nam, Trần Phú, Hoàng Mai, Hà Nội, Vietnam",20.9796342,105.8877131,"[""Easy to see, easy to identify""]",4.9,parking Hà Nội,Hà Nội
90,91,Bến xe 559,"Address: Tổ 21, Thanh Trì, Hoàng Mai, Hà Nội, Vietnam",20.9897085,105.8959696,"[""Go to the middle road with a sign to the coal port, next to the gas station""]",4.1,parking Hà Nội,Hà Nội
91,92,Bãi xe Vic A36,"Address: Hồ Tùng Mậu Hà Nội Hanoi City, 10000, Vietnam",21.0387273,105.7709706,[],,parking Hà Nội,Hà Nội
92,93,Bãi xe Công ty ô tô Hà Noii,"Address: 3VGF+RVG, Đông Hội, Đông Anh, Hà Nội, Vietnam",21.077064,105.874713,[],,parking Hà Nội,Hà Nội
93,94,Phùng khoang điểm đỗ,"Address: lô 6 Ng.67 Đ. Phùng Khoang, Trung Văn, Nam Từ Liêm, Hà Nội, Vietnam",20.9869368,105.7931327,"[""The shop repairs clothes, sews clothes for customers, irons clothes, etc....""]",5.0,parking Hà Nội,Hà Nội
94,95,Điểm Trông Giữ Xe Ô Tô,"Address: 60, Đường Gia Quất, Phường Thượng Thanh, Quận Long Biên, Thành Phố Hà Nội, Thượng Thanh, Long Biên, Hà Nội, Vietnam",21.0532227,105.878258,"[""Cool and easy to find""]",4.0,parking Hà Nội,Hà Nội
95,96,Bãi xe 2 bệnh viện 108,"Address: 5 P. Trần Thánh Tông, Phạm Đình Hổ, Hai Bà Trưng, Hà Nội, Vietnam",21.0149981,105.8597561,[],,parking Hà Nội,Hà Nội
96,97,Bãi Đỗ Xe Số 2 Định Công,"Address: Dinh Cong Car Parking No 2, Phố P. Trần Điền, Định Công, Hoàng Mai, Hà Nội, Vietnam",20.986452,105.8273795,"[""Late at night, I parked right on the sidewalk and carefully left my phone number on the dashboard but no one called. When I went to pick up my car in the morning, it was stopped and I couldn't let it out and my tire was punctured. My …"", ""Spacious, with car wash service and convenient gas station next door. The surrounding sidewalks are a bit dirty and the smell is probably due to the environmental sanitation department's garbage truck being left there. The road in front is not yet clear for traffic and is quite bumpy."", ""Convenient, enthusiastic staff""]",4.2,parking Hà Nội,Hà Nội
97,98,Bãi đỗ xe chợ gốm Bát Tràng,"Address: Thôn 2 Đ. Bát Tràng, Bát Tràng, Gia Lâm, Hà Nội 100000, Vietnam",20.974404,105.9120035,"[""A bit difficult to find if following google map. But just keep walking around and you'll see it. The car parking fee is quite expensive at 40k/car"", ""Probably only tourists come here so prices are very high (10k/bike/trip)"", ""Parking 40,000 dong""]",4.0,parking Hà Nội,Hà Nội
98,99,Công Ty Cổ Phần Xe Điện Hà Nội.,"Address: 454 Đ. Phạm Văn Đồng, Xuân Đỉnh, Bắc Từ Liêm, Hà Nội, Vietnam",21.0689551,105.78502,"[""Buses are a beautiful image of the vehicle culture of the capital Hanoi, Vietnam. However, the drivers of these vehicles often encroach on the road, cut in front, and honk loudly at other vehicles traveling on the same road, causing traffic …"", ""Acknowledgments:\nOn April 6, 2025, when I took bus 07 of Hanoi Transerco Transport Corporation, I forgot my belongings including jams and some fruits I brought from far away. I …"", ""The driver of this car company was traveling on a professional road and honked loudly, affecting pedestrians. Public transport has a reputation for being like a band of thieves""]",2.8,parking Hà Nội,Hà Nội
99,100,Grand Auto,"Address: 166 Đ. Xuân Phương, TDP Số 3, Nam Từ Liêm, Hà Nội, Vietnam",21.038053,105.737791,[],5.0,parking Hà Nội,Hà Nội
100,101,Bãi Xe Đông Lạnh Hải Nam,"Address: 2W28+7J, Bát Tràng, Gia Lâm, Hà Nội, Vietnam",21.0008225,105.9164358,[],5.0,parking Hà Nội,Hà Nội
101,102,Parking Motobuke,"Address: XVW9+CM4, Khu đô thị Times City, Hai Bà Trưng, Hà Nội, Vietnam",20.9960222,105.8692043,[],,parking Hà Nội,Hà Nội
102,103,Bãi xe - Nhà có cây sung,"Address: 01 Ng. 69 P. Tứ Liên, Quảng An, Tây Hồ, Hà Nội, Vietnam",21.068854,105.830993,[],,parking Hà Nội,Hà Nội
103,104,AUTO MALL- Trung tâm mua sắm ô tô,"Address: 79 P. Nguyễn Chánh, Khu đô thị Nam Trung Yên, Hà Nội, 100000, Vietnam",21.0137866,105.7897961,"[""Help customers buy high quality used cars at market prices..."", ""Poor information security for customers, selling customers cheaply to society. There is a scandal on Offb""]",3.0,parking Hà Nội,Hà Nội
104,105,"Bãi đỗ xe & rửa xe,dọn nội thất,thay dầu ô tô xe máy, Trung Văn","Address: 290 Đ. Nguyễn Trãi, P. Văn Quán, Nam Từ Liêm, Hà Nội, Vietnam",20.9872551,105.7960332,[],5.0,parking Hà Nội,Hà Nội
105,106,Xe cẩu tiến Minh,"Address: BL2-03 Bằng Lăng, Việt Hưng, Long Biên, Hà Nội, Vietnam",21.0532583,105.9080211,[],5.0,parking Hà Nội,Hà Nội
106,107,Gara Tình Quang,"Address: 3WF8+J9F, Đường Đê Vàng, Tinh Quang, Long Biên, Hà Nội, Vietnam",21.0740597,105.9159219,[],4.5,parking Hà Nội,Hà Nội
107,108,Việt Đức AutoSpa,"Address: 31 Đ. Lê Văn Lương, Trung Hoà, Cầu Giấy, Hà Nội 100000, Vietnam",21.0034049,105.8031687,"[""Just experienced underbody coating."", ""Very good for car repair""]",4.6,parking Hà Nội,Hà Nội
108,109,Lốp 86,"Address: Số 5 đường bờ sông, Tương Mai, Hoàng Mai, Hà Nội, Vietnam",20.9874391,105.8448423,"[""Although the garage is a bit small, the service and price are very ok 👍 …""]",4.4,parking Hà Nội,Hà Nội
109,110,Điểm Trông Giữ Xe Ô Tô,"Address: 107 P. Trung Kính, Trung Hoà, Cầu Giấy, Hà Nội, Vietnam",21.0140424,105.7962995,[],,parking Hà Nội,Hà Nội
110,111,Bãi Trông Xe Máy Tú Mỡ,"Address: 2Q5V+XCR Tú Mỡ, P. Nguyễn Chánh, Trung Hoà, Cầu Giấy, Hà Nội, Vietnam",21.0099804,105.7935213,"[""The fat young man who was parking the car spoke rudely and cursed because he was not a customer of our parking lot."", ""There is bread and drinks available and polite people""]",3.6,parking Hà Nội,Hà Nội
111,112,ẮC QUY ĐỒNG KHÁNH - Đại Lý Ắc Quy & Lốp Xe Chính Hãng,"Address: 1 Nguyễn Hữu Thọ, Hoàng Liệt, Hoàng Mai, Hà Nội, Vietnam",20.9691701,105.8296043,"[""Genuine standard products, quality at extremely favorable prices"", ""A delicious place to eat and drink... worth experiencing""]",4.5,parking Hà Nội,Hà Nội
112,113,Fleet Tech Garage,"Address: Số 64 Đ. Cầu Diễn, Phúc Diễn, Nam Từ Liêm, Hà Nội, Vietnam",21.0468013,105.750008,"[""The location is relatively easy to find, but it is located on a common campus so there are times when the common door is closed. Brothers work diligently and thoughtfully. Many times, after working on a car, I still wash the customer's car!"", ""This garage used to be bare-ceilinged. The inside was full of luxury cars, but it was like repairing it. The replacement furniture was all crap. It was replaced 3 times and 2 broke in less than 6 months. I don't want a warranty."", ""Works quite enthusiastically, German cars are forte, however there are some workers who are not very careful.""]",3.8,parking Hà Nội,Hà Nội
113,114,Bãi đỗ xe Chợ Tứ Liên,"Address: 36 Ngõ 200 Đường Âu Cơ, Tứ Liên, Tây Hồ, Hà Nội, Vietnam",21.0658458,105.8304328,[],,parking Hà Nội,Hà Nội
114,115,Bãi gửi xe D3-5,"Address: 2R3W+W58, Bãi gửi xe, Bách Khoa, Hai Bà Trưng, Hà Nội, Vietnam",21.0047785,105.8454584,"[""Peak hours such as 7:00, 12:30, 17:00 are quite congested because they are not yet smart garages!!!!! But still ensure vehicle care, no loss of vehicle. Furthermore, there is an enthusiastic care and arrangement team, making it easy to pick up and store cars in the parking lot."", ""The school has just installed a card swiping system so there is no congestion like before"", ""The parking lot is quite crowded, especially congested during the time when students come to or leave school.""]",3.4,bãi giữ xe máy Hà Nội,Hà Nội
115,116,Bãi gửi xe BV Bạch Mai,"Address: 2R3R+985, Phương Mai, Đống Đa, Hà Nội, Vietnam",21.0033904,105.840864,"[""It's so cool, the first time I went down to the underground car it was so cool""]",5.0,bãi giữ xe máy Hà Nội,Hà Nội
116,117,Bãi gửi xe Kim Văn,"Address: 38 Ng. 282 Kim Giang, Kim Văn, Thanh Xuân, Hà Nội, Vietnam",20.9754531,105.8218075,"[""Including indoor soccer field""]",5.0,bãi giữ xe máy Hà Nội,Hà Nội
117,118,Bãi gửi xe ô tô ngày đêm chợ Thượng Cát,"Address: 3V5Q+HHQ, Thượng Thanh, Long Biên, Hà Nội, Vietnam",21.0589713,105.8889892,"[""Parking is pretty good""]",4.5,bãi giữ xe máy Hà Nội,Hà Nội
118,119,Điểm Trông Giữ Xe Đức Thuận,"Address: 6 P. Dịch Vọng Hậu, Dịch Vọng Hậu, Cầu Giấy, Hà Nội, Vietnam",21.0334926,105.7878846,[],4.5,bãi giữ xe máy Hà Nội,Hà Nội
119,120,Nuoc Ngam Bus Station,"Address: 1 Đ. Ngọc Hồi, Hoàng Liệt, Hoàng Mai, Hà Nội, Vietnam",20.9654452,105.8423284,"[""This bus terminal is not as busy on a Monday afternoon. There is not so much madness inside the bus terminal as the staff do reprimand any driver who is blocking traffic. The counter staff are quite rude when they try to get ur attention. …"", ""This bus station is an important cluster for arrival and departure of many intercity buses. But it is\nstill operating like in the last century. Upgrading is needed."", ""Very busy bus station that basically goes everywhere in Vietnam.  The bus prices vary depending on where you want to go, but are always about 20 USD.  The buses are air conditioned, have USB charging stations, and a screen for movies.  The …""]",4.2,bãi giữ xe máy Hà Nội,Hà Nội
120,121,Bãi xe 68,"Address: Số 128 Ng. 885 Đ. Tam Trinh, Yên Sở, Hoàng Mai, Hà Nội, Vietnam",20.9668462,105.8755932,"[""Attentive service"", ""Prestigious parking lot""]",4.9,bãi giữ xe máy Hà Nội,Hà Nội
121,122,Bãi gửi xe,"Address: 2QRQ+RG4, Dịch Vọng Hậu, Cầu Giấy, Hà Nội, Vietnam",21.041933,105.788746,[],5.0,bãi giữ xe máy Hà Nội,Hà Nội
122,123,Bãi gửi xe,"Address: Kiot 4 Đ. Phạm Tu, Tân Triều, Thanh Trì, Hà Nội, Vietnam",20.9647107,105.7976512,[],5.0,bãi giữ xe máy Hà Nội,Hà Nội
123,124,Bai gui xe Thong Nhat,"Address: 290 Đ. Nguyễn Trãi, P. Văn Quán, Nam Từ Liêm, Hà Nội, Vietnam",20.987035,105.7963062,"[""Price from only 800k"", ""Send motorbike for 1 month""]",5.0,bãi giữ xe máy Hà Nội,Hà Nội
124,125,Bãi Giữ Xe Ô Tô Song Thành,"Address: 2VMG+6M3, P. Phú Viên, Bồ Đề, Long Biên, Hà Nội, Vietnam",21.0330216,105.8766599,"[""Bus parking lot only""]",2.5,bãi giữ xe máy Hà Nội,Hà Nội
125,126,Bãi Giữ Xe Cường Phong,"Address: 672 Đ. Quang Trung, Phú La, Hà Đông, Hà Nội, Vietnam",20.9576875,105.7590723,[],1.0,bãi giữ xe máy Hà Nội,Hà Nội
126,127,Bãi xe 86,"Address: Yên Sở, Hoàng Mai, Hanoi, Vietnam",20.9635331,105.8616937,"[""Good parking lot, enthusiastic and thoughtful staff, responsible for goods!\nFast shipping, reasonable price!\n10đ"", ""Fast shipping. The fee is not clear, but I personally find it high. The staff at the counter are enthusiastic, but in particular, the fee collector at the beach has a disgusting attitude, pointing straight at the customers. No next time 🙂🙂 …""]",3.9,bãi giữ xe máy Hà Nội,Không xác định
127,128,Bãi gửi xe 221 Trung Kính,"Address: 2QCR+9F5, Yên Hoà, Cầu Giấy, Hà Nội, Vietnam",21.0208938,105.7912419,[],2.7,bãi giữ xe máy Hà Nội,Hà Nội
128,129,"Bãi trông giữ ô tô TVT ngo 225 phố Nguyễn Đức Cảnh, Tương Mai, Hoàng Mai, Hà Nội, Việt Nam","Address: ngõ 225 Nguyễn Đức Cảnh, Tương Mai, Hoàng Mai, Hà Nội, Vietnam",20.9879352,105.8541566,"[""Parking lot is okay""]",3.5,bãi giữ xe máy Hà Nội,Hà Nội
129,130,Hải Sản Biển Đông Bãi đỗ xe kính chào quý khách,"Address: Sunrise Building III A, Phúc Đồng, Long Biên, Hà Nội, Vietnam",21.0398454,105.9056433,"[""Quite surprised how fresh of their seafoods here. Friendly services and honest advices. But I would strictly order seafood instead of others dishes like veggies or fired rice"", ""Haven't been back to East Sea for a long time, because I used to eat at Times and Royal. Since the restaurant closed, I haven't had a place to eat\nNow go to Vinhome Harmoney to enjoy, still maintaining the same quality as …""]",4.7,bãi giữ xe máy Hà Nội,Hà Nội
130,131,Bai Gui Xe,"Address: 2V95+XP7, Phan Chu Trinh, Hoàn Kiếm, Hà Nội, Vietnam",21.0199227,105.8592974,[],2.0,bãi giữ xe máy Hà Nội,Hà Nội
131,132,Bãi đỗ xe ô tô TC5,"Address: XQ9X+J6C, Yên Xá, Thanh Trì, Hà Nội, Vietnam",20.9690679,105.798014,[],3.8,bãi giữ xe máy Hà Nội,Hà Nội
132,133,Bến Xe Mỹ Đình,"Address: Mỹ Đình, Nam Từ Liêm, Hanoi, Vietnam",21.0284297,105.7782687,"[""No very clean, a little run down, not clearly signposted (and all in Vietnamese), a bit chaotic with buses going everywhere along with plenty of hawkers/taxi drivers preying on people getting off busses. Food available in the area was average and the toilet facilities, which you need to pay to use by the way, were next level dirty."", ""Large bus transit point in Hanoi inner city, can connect to many places."", ""Given new city center location My Đình is one of busiest buses station in Hanoi. Local buses from different province of northern Vietnam come here in drove for exploitation of City dwellers on the move back and forward to and from their …""]",3.7,bãi giữ xe máy Hà Nội,Không xác định
133,134,Bãi trông xe ôtô,"Address: XRCX+G2C, Thịnh Liệt, Hai Bà Trưng, Hà Nội, Vietnam",20.9713119,105.8475225,[],5.0,bãi giữ xe máy Hà Nội,Hà Nội
134,135,"Việt Chào - Hệ thống đỗ xe thông minh, bãi đỗ xe tự động","Address: 61, ngõ 66 P. Triều Khúc, Tân Triều, Thanh Trì, Hà Nội 100000, Vietnam",20.9827668,105.7987087,"[""Viet Chao also does a parking system, I thought it would only be a few small slots but it's not. I recently had a chance to visit the project and saw that the scale of the project is huge, all the basements. It's always bustling. I didn't expect this side to do such big projects. 👍 …"", ""I heard that this smart parking system is 100% imported from a famous brand, so I can rest assured to use it. The system looks sturdy and sharp. I will wait and see how it operates when it is completed and then I will review it again.""]",4.5,bãi giữ xe máy Hà Nội,Hà Nội
135,136,Điểm giữ xe máy,"Address: 112 c6b, Quỳnh Mai, Hai Bà Trưng, Hà Nội, Vietnam",21.0015909,105.8605168,[],,bãi giữ xe máy Hà Nội,Hà Nội
136,137,Bãi Gửi Xe Đh Mỏ-địa Chất,"Address: 3QCH+J3V, Cổ Nhuế, Bắc Từ Liêm, Hà Nội, Vietnam",21.0716088,105.7776627,[],,bãi giữ xe máy Hà Nội,Hà Nội
137,138,Bãi trông giữ xe Đức Minh Phát,"Address: 12 P. Lâm Hạ, Bồ Đề, Long Biên, Hà Nội, Vietnam",21.0361272,105.8806916,[],,bãi giữ xe máy Hà Nội,Hà Nội
138,139,Bãi xe oto,"Address: 132 Nguyễn Huy Tưởng, Thanh Xuân Trung, Thanh Xuân, Hà Nội, Vietnam",20.9980383,105.8050507,[],3.0,bãi giữ xe máy Hà Nội,Hà Nội
139,140,Giap Bat Bus Station,"Address: Đ. Giải Phóng, Giáp Bát, Hoàng Mai, Hà Nội, Vietnam",20.9806483,105.8419952,"[""2 Mar 2024\n\nI arrived here at 07:00hrs, and it was only buses and a grab transfer. I could …"", ""This place is crazy! I entered it by taxi and a guy glued himself to the window on the side when you arrive. Then they want you to actually hop on random busses for money regardless of your destination. Doing that in an aggressive manner. …"", ""Avoid this bus!  Specially the bus driver. Don’t trying to talk to him only Vietnamese .. very rude. Loud. Stopped many times without noticing .the whole journey experience was awful.  Took almost 28 hours from Hanoi to Vientiane. Never again  Warning ⛔️""]",4.0,bãi giữ xe máy Hà Nội,Hà Nội
140,141,Bãi xe,"Address: Số 29 Ng. 183 P. Hoàng Văn Thái, Khương Trung, Thanh Xuân, Hà Nội, Vietnam",20.9959461,105.8229823,[],,bãi giữ xe máy Hà Nội,Hà Nội
141,142,Tiệm giữ xe,"Address: 2WQ6+CGH, TT. Sài Đồng, Long Biên, Hà Nội, Vietnam",21.038771,105.911427,[],,bãi giữ xe máy Hà Nội,Hà Nội
142,143,Điểm Gửi Xe,"Address: Ngõ 1, Dịch Vọng Hậu, Cầu Giấy, Hà Nội, Vietnam",21.0330475,105.7881365,"[""Very bad. The old guard here curses at the customers. Cars parked here often get scratched. My worst parking lot""]",1.0,bãi giữ xe máy Hà Nội,Hà Nội
143,144,Bãi trông ô tô mặt tiền Hoàng Quốc Việt,"Address: 122 Hoàng Quốc Việt, Cổ Nhuế, Cầu Giấy, Hà Nội, Vietnam",21.04647,105.792306,[],,bãi giữ xe máy Hà Nội,Hà Nội
144,145,Thuê xe máy Hà Nội - MOTOGO,"Address: 1081 Đ. Hồng Hà, Chương Dương, Hoàn Kiếm, Hà Nội 11023, Vietnam",21.0196368,105.8621261,"[""Customer service was very bad. The guy who was on the desk seems doesn’t know how to deal with customers. He seems so angry at all times without any reason. Came to hire from far away and returned back empty.\nI don’t recommend anyone to go there."", ""Visited here several times a week ago. All the signs and billboards were there but never opened."", ""Arent working, dont waste your time here.""]",4.4,bãi giữ xe máy Hà Nội,Hà Nội
145,146,Tiệm Trông Giữ Xe Ất Thục,"Address: 161 P. Hoa Lâm, Việt Hưng, Long Biên, Hà Nội 100000, Vietnam",21.0566361,105.8979861,[],,bãi giữ xe máy Hà Nội,Hà Nội
146,147,Bãi xe 24/24 606 Trần Hưng Đạo,"Address: 606 Đ. Trần Hưng Đạo, Phường 2, Quận 5, Hồ Chí Minh, Vietnam",10.7551774,106.6799095,"[""Spacious parking lot. Affordable price.\nIn the heart of Ho Chi Minh City, having a parking lot is great, covered but limited …""]",4.0,bãi đỗ xe TP.HCM,Hồ Chí Minh
147,148,Bãi Giữ Xe Máy - Ô Tô,"Address: 40 Bà Huyện Thanh Quan, Phường 6, Quận 3, Hồ Chí Minh 700000, Vietnam",10.77769,106.6875,"[""Spacious and Comfortable Parking Lot But Parking 7 Seats From 7:30 AM To 9:00 AM The Fee Is 50k I Don't Know How Much It Costs To Park All Day I Feel So Confused"", ""narrow, encroaching on roads and pedestrian paths.""]",4.2,bãi đỗ xe TP.HCM,Hồ Chí Minh
148,149,Bãi đỗ xe ô tô,"Address: RJ29+FWR, Sơn Kỳ, Tân Phú, Hồ Chí Minh, Vietnam",10.8012432,106.6197757,"[""- Monthly sending fee: 1.5 million/month (2022)\n- Advantage:\n+ Relatively large area, easy for vehicles to enter and exit …""]",4.3,bãi đỗ xe TP.HCM,Hồ Chí Minh
149,150,Bãi đậu xe Thống Nhất,"Address: QM66+8R8, Phường 6, Quận 10, Hồ Chí Minh, Vietnam",10.7607901,106.6620641,"[""Park inside the stadium, there will be a guide. 50k during the day and 100k overnight. Price OK"", ""For those who are new to the area and are still confused like me. Just drive straight into the parking lot, find a parking spot, there will be a militiaman in gray clothes coming out to collect 50k and take the key. After a while, go back …"", ""Parking lot ok spacious all day parking 50k""]",4.2,bãi đỗ xe TP.HCM,Hồ Chí Minh
150,151,Bãi đỗ xe,"Address: Tân Thới 3, Hóc Môn, Ho Chi Minh City, Vietnam",10.9091912,106.5746124,[],5.0,bãi đỗ xe TP.HCM,Không xác định
151,152,Bãi Giữ Xe Máy - Ô Tô - Ngô Thời Nhiệm,"Address: QMHP+3Q2, Ngô Thời Nhiệm, Phường 6, Quận 3, Hồ Chí Minh, Vietnam",10.77765,106.6869,"[""The parking lot is airy, there is a security guard, it is very safe and spacious""]",4.0,bãi đỗ xe TP.HCM,Hồ Chí Minh
152,153,Bãi giữ xe 235 Nguyễn Văn Cừ,"Address: QM7M+75G, Phường Nguyễn Cư Trinh, Quận 1, Hồ Chí Minh, Vietnam",10.7631988,106.6829434,"[""A parking lot located in a convenient location near the shopping center near Tu Du Hospital, large yard with monthly and daily parking.""]",5.0,bãi đỗ xe TP.HCM,Hồ Chí Minh
153,154,Bãi giữ xe ô tô,"Address: 235 Nguyễn Văn Cừ, Phường Nguyễn Cư Trinh, Quận 1, Hồ Chí Minh, Vietnam",10.7635045,106.6826608,"[""Spacious parking lot, daily car rental morning - evening 50k. Overnight 100k. Saw a motorbike kept. The staff are also cute. In District 1, I think it's better than sending to Nowzone or Nikko vault."", ""Exorbitant prices. Parking from 8am to 3pm costs 100k, while parking outdoors without a roof and in puddles. There is no posted price list, the staff collects it themselves."", ""Spacious, no need to leave a lock outside the shack, price 70k from morning to afternoon""]",4.0,bãi đỗ xe TP.HCM,Hồ Chí Minh
154,155,Bãi Giữ Xe,"Address: 18 Nguyễn Kim, Phường 12, Quận 5, Hồ Chí Minh, Vietnam",10.7563599,106.6632741,"[""Parking in the basement of a shopping mall. The shopping mall is old, so this basement area looks old compare to most of the shopping malls’ parking in this city."", ""It's a big shopping center but the parking lot is poorly arranged. There are a lot of security guards who help with the arrangements. Most of the time, after sending the car, it is very difficult to get the car."", ""Employees of Ngoc Hue Co., Ltd. have an oppressive attitude that makes it difficult for customers to handle the process of losing their parking card. Request to retain original identification documents and vehicle documents overnight …""]",3.4,bãi đỗ xe TP.HCM,Hồ Chí Minh
155,156,Bãi xe Đại Phú,"Address: 11 Số 21, Phường 8, Gò Vấp, Hồ Chí Minh, Vietnam",10.8411781,106.6503182,[],5.0,bãi đỗ xe TP.HCM,Hồ Chí Minh
156,157,Bãi giữ xe ô tô 212B/C79 Nguyễn Trãi,"Address: 212b/c79, Nguyễn Trãi, Phường Nguyễn Cư Trinh, Quận 1, Hồ Chí Minh, Vietnam",10.7648739,106.6850821,"[""The security service here is very good and reliable! Even though it's right in the center, the price is very reasonable, everyone should try it."", ""The parking lot right at Oc Dao (old) is spacious, although located in an alley, it is easy to get in. The cute parking attendant enthusiastically guides you to park."", ""Large covered parking lot, enthusiastic staff. Fixed parking space available. Central area, ok prices.""]",5.0,bãi đỗ xe TP.HCM,Hồ Chí Minh
157,158,Bãi giữ xe Tân Hoàn Cầu,"Address: 209 Đ. Kinh Dương Vương, Phường 12, Quận 6, Hồ Chí Minh, Vietnam",10.7467247,106.6253412,"[""Wide parking lot, airy entrance, high airy ceiling. There is a car wash service. Price 1 million/month."", ""wide, easy to move""]",4.2,bãi đỗ xe TP.HCM,Hồ Chí Minh
158,159,Bãi Xe,"Address: 111 Đ. Nguyễn Phi Khanh, Phường Tân Định, Quận 1, Hồ Chí Minh, Vietnam",10.7916427,106.6924902,"[""I would like to ask if this thread is still active, please contact me, thanks""]",4.3,bãi đỗ xe TP.HCM,Hồ Chí Minh
159,160,Bãi Gửi Xe Phố Đi Bộ,"Address: 8(Hoc vien Ngan hang Viet Nam) Đ. Tôn Thất Thiệp, Bến Nghé, Quận 1, Hồ Chí Minh, Vietnam",10.77389,106.702881,"[""Scammers! Don’t ever park your bike there. They charge 20k for few hours parking, which is for vn standard’s quite scammy!!!!"", ""20k for a bike??? Nah""]",2.2,bãi đỗ xe TP.HCM,Hồ Chí Minh
160,161,Bãi Đỗ Xe Tây Bắc,"Address: 6 ấp Mỹ Hòa 1, 4, Xã, Hóc Môn, Hồ Chí Minh, Vietnam",10.8654233,106.5999016,"[""The parking lot is okay. The guards are cute and enthusiastic"", ""Large parking lot, concentrating on trucks sending and receiving goods from the central and northern provinces. The road to the lot is quite narrow. Dusty."", ""Parking lots are extremely difficult to find... the sign is too hard to see and you turn onto a narrow road with a strip separating motorbikes.""]",3.5,bãi đỗ xe TP.HCM,Hồ Chí Minh
161,162,126 Hong Ha Parking Lot Service 24/7,"Address: Botanica Premier, Hồng Hà, Phường 2, Thành phố Hồ Chí Minh, Hồ Chí Minh, Vietnam",10.8100097,106.671827,[],5.0,bãi đỗ xe TP.HCM,Hồ Chí Minh
162,163,Parking Car,"Address: 1 Tổ 22, Khu Phó 7, Quận 12, Hồ Chí Minh, Vietnam",10.8796351,106.6765766,"[""Spacious parking lot, with awning, standard fire protection system (however, if left for a long time, the glass will be dusty)! Uncle 2, the owner of the parking lot, is friendly. You can pick up your car at any time. The price for April 2025 is 900k/month."", ""Spacious, clean parking lot with a canopy! The owner is friendly, cheerful and enthusiastic. Picking up the car is always fun. Parking price is cheaper than other places!""]",4.8,bãi đỗ xe TP.HCM,Hồ Chí Minh
163,164,Bãi đỗ xe Quốc Bảo,"Address: 843/15, Thành phố Hồ Chí Minh, Hồ Chí Minh, Vietnam",10.9704931,106.4812293,[],5.0,bãi đỗ xe TP.HCM,Hồ Chí Minh
164,165,BÃI XE ĐỆ NHẤT,"Address: 250 QL13, khu phố 2, Thủ Đức, Hồ Chí Minh 70000, Vietnam",10.8342336,106.7141967,"[""I don't know why i had to pay a fee (5K VND) to enter my motobike into this area to just take my friend out from this company bus. The ground is very bad with too much dusts and rubishes. Esspecially, I recommend you to not use toilet here."", ""The area is really small, only enough for 1-2 bus. But it's okay cuz the new Mien Dong bus station is freaking far away from here. At the entrance, there's some small seats served with beverages, you can buy something to drink while waiting.""]",2.8,bãi đỗ xe TP.HCM,Hồ Chí Minh
165,166,Bãi đậu xe,"Address: 149/8 Bành Văn Trân, Phường 7, Tân Bình, Hồ Chí Minh, Vietnam",10.788574,106.6560835,"[""Only accept motorbikes""]",5.0,bãi đỗ xe TP.HCM,Hồ Chí Minh
166,167,Bãi Xe Sài Gòn Tân Cảng,"Address: QPXF+5RR, Phường 22, Bình Thạnh, Hồ Chí Minh, Vietnam",10.7979801,106.724517,[],5.0,parking Sài Gòn,Hồ Chí Minh
167,168,Bãi xe Sài Gòn nhỏ,"Address: 292 QL1A, Bình Chiểu, Thủ Đức, Hồ Chí Minh, Vietnam",10.8721404,106.7385008,"[""Workers are professionally skilled, enthusiastic, meticulous, willing to fix problems when possible, with friendly prices. Need to improve information consultation.""]",3.3,parking Sài Gòn,Hồ Chí Minh
168,169,24/24 Car Parking,"Address: 136, Đường Nam Kỳ Khởi Nghĩa, Bến Nghé, Quận 1, Hồ Chí Minh, Vietnam",10.7776628,106.6972501,"[""There was no parking space in the food court. When I called, the guy said the number was wrong. The number on the post was nonsense. I didn't understand it at all. Now I don't know where to park."", ""Great....kind parking attendant""]",3.5,parking Sài Gòn,Hồ Chí Minh
169,170,Bãi giữ xe Nam Sài Gòn,"Address: Đường Nguyễn Văn Linh, TT. Tân Túc, Bình Chánh, Hồ Chí Minh 70000, Vietnam",10.6894942,106.5918805,"[""The owners are cheerful and quiet, but the price for parking is very reasonable. It's just that the time is a bit inconvenient. Opens at 6am, closes around 9pm everyone.""]",5.0,parking Sài Gòn,Hồ Chí Minh
170,171,Parking Parkson 24/24,"Address: 45 Lê Thánh Tôn, Bến Nghé, Quận 1, Hồ Chí Minh, Vietnam",10.777451,106.7021209,"[""The parking lot is located in Parkson Le Thanh Ton (old).\nThis parking lot is probably older than me so the facilities are very degraded.\nThe parking lot is small, the number of cars is very large, almost always full. …"", ""Today at 1:00 p.m. I came here to park my car to go shopping. My car is old so it doesn't have a smart key to easily find the car, so I locked the steering wheel. I also parked the car in an empty space against the wall so it didn't affect …"", ""Why is the parking lot full but still not allowing customers to park? Meanwhile, there are many support staff who do not help customers find parking, forcing me to go around the whole lot with no place to park so I had to go outside and not …""]",1.7,parking Sài Gòn,Hồ Chí Minh
171,172,Hiệp007 xe hơi Sài Gòn,"Address: 714 Đ. Tân Kỳ Tân Quý, Bình Hưng Hoà, Bình Tân, Hồ Chí Minh 700000, Vietnam",10.792173,106.6053461,"[""Used cars, quality. Good consulting service.""]",5.0,parking Sài Gòn,Hồ Chí Minh
172,173,Hệ Thống Bãi Xe Hồng Hưng Sài Gòn,"Address: 17g Đường Bắc Nam 2, An Phú, Thủ Đức, Hồ Chí Minh, Vietnam",10.7965956,106.7478861,[],,parking Sài Gòn,Hồ Chí Minh
173,174,Parking,"Address: 41 Đ. Tôn Thất Thiệp, Bến Nghé, Quận 1, Hồ Chí Minh, Vietnam",10.773188,106.701864,[],,parking Sài Gòn,Hồ Chí Minh
174,175,BÃI XE 24/24 - Anh Ba Sài Gòn (HẺM 81 DDS2 TRƯỜNG THỌ),"Address: 81/44 Đ. Số 2, Trường Thọ, Thủ Đức, Hồ Chí Minh, Vietnam",10.8379808,106.7475904,[],,parking Sài Gòn,Hồ Chí Minh
175,176,BÃI XE PARKING PRO,"Address: 2B Phạm Ngũ Lão, Phường Phạm Ngũ Lão, Quận 1, Hồ Chí Minh, Vietnam",10.7690767,106.6941737,"[""The price is a little high but reasonable. The staff are very rude and have bad attitudes for no reason. I just said \""hello\"" while pulling in and they shouted at me to move, I barely even stopped to grab the parking card."", ""Complete ripoff. I parked just for 10 minutes and they charged 15,000đ!"", ""Parked my rental motorcycle here for 2 day. The staff were friendly and the price was 70k or @ $3. I would definitely park here again as the location is perfect""]",2.5,parking Sài Gòn,Hồ Chí Minh
176,177,SSC Parking,"Address: 24 Bình Quới, Phường 28, Bình Thạnh, Hồ Chí Minh, Vietnam",10.8259611,106.7379214,[],4.0,parking Sài Gòn,Hồ Chí Minh
177,178,Xe khách Tân Lập Thành (Trạm Sài Gòn),"Address: 84 Hùng Vương, Phường 9, Quận 5, Hồ Chí Minh, Vietnam",10.7599767,106.6727108,"[""The car company drove recklessly, in the city they drove fast and squeezed motorbikes... In the afternoon this place caused heavy traffic jams due to cars parking very disorderly, reversing on a one-way street. I hope the authorities will handle it."", ""The driver's attitude is very unpleasant, not happy when there are children, pregnant women and young children. Really disappointed.""]",3.5,parking Sài Gòn,Hồ Chí Minh
178,179,Chành Hưng Hiếu Sài Gòn - Đắk Nông,"Address: 1610 Võ Văn Kiệt, Phường 7, Quận 6, Hồ Chí Minh, Vietnam",10.737753,106.6396167,"[""High precision, efficient and easy to search""]",5.0,parking Sài Gòn,Hồ Chí Minh
179,180,Bãi xe TV SÀI GÒN,"Address: QRV6+3CW, ĐCT Thành phố Hồ Chí Minh - Long Thành - Dầu Giây, Phường Phú Hữu, Thủ Đức, Hồ Chí Minh, Vietnam",10.7922291,106.8118554,[],,parking Sài Gòn,Hồ Chí Minh
180,181,Xe khách Hữu Hậu (Sài Gòn),"Address: 79 Phạm Hữu Chí, Phường 12, Quận 5, Hồ Chí Minh, Vietnam",10.7556658,106.6586843,[],,parking Sài Gòn,Hồ Chí Minh
181,182,Nhà xe Tuấn Anh ( Đơn Dương- Sài Gòn),"Address: 1B Đ. Bắc Hải, Phường 14, Quận 10, Hồ Chí Minh 70000, Vietnam",10.7793093,106.6585947,"[""In and out collect 10k"", ""Enthusiastic staff, on time. Really like using this bus company."", ""Clean car, friendly driver, 10 points""]",4.8,parking Sài Gòn,Hồ Chí Minh
182,183,Bến xe Buýt Dạ Cầu Sài Gòn,"Address: QPXH+9VP, Phường An Khánh, Thủ Đức, Hồ Chí Minh, Vietnam",10.7984714,106.7296923,[],,parking Sài Gòn,Hồ Chí Minh
183,184,71 Chế Lan Viên Parking,"Address: 71 Đ. Chế Lan Viên, Tây Thạnh, Tân Phú, Hồ Chí Minh 70000, Vietnam",10.8119948,106.6296191,[],4.2,parking Sài Gòn,Hồ Chí Minh
184,185,motorbike park,"Address: QPG4+X7M, Thi Sách, Bến Nghé, Quận 1, Hồ Chí Minh, Vietnam",10.7774744,106.7056624,"[""I went in to park on the night of 2/22. Fortunately, the faucet was not locked, because the staff at the venue would retake the position according to the vehicle conditions. Overnight parking costs 30,000 like other parking lots, and it’s not more expensive because I’m non-Vietnamese. It’s pretty good."", ""Extremely disappointing review of the parking service here\n\nI really cannot believe the irresponsible and extremely bad way of working of …"", ""Paid parking properly, but still got scolded for being stupid""]",3.0,parking Sài Gòn,Hồ Chí Minh
185,186,eParking Anphuviet Dại Minh,"Address: 77 Hoàng Văn Thái, Tân Phú, Quận 7, Hồ Chí Minh, Vietnam",10.7300478,106.7222812,[],5.0,parking Sài Gòn,Hồ Chí Minh
186,187,Bãi Xe Nguyễn Ngọc,"Address: 669 Đ. Lê Thị Riêng, Thới An, Quận 12, Hồ Chí Minh, Vietnam",10.88662,106.6523257,"[""The accountant paid the driver's salary after the meal break and blocked 2 million, reported it to the company but no one bothered to resolve it for the driver."", ""The parking lot is like crap lol. both sagging and dirty. Just stuck in traffic.  1.5t car comes in and out immediately charged 40k.  Mom now""]",4.3,parking Sài Gòn,Hồ Chí Minh
187,188,Saigon Car Protect,"Address: 82 Đ. Nguyễn Thái Sơn, Phường 3, Gò Vấp, Hồ Chí Minh, Vietnam",10.8159299,106.6802061,[],,parking Sài Gòn,Hồ Chí Minh
188,189,Bãi xe,"Address: 198/B15 Đ. Hoàng Văn Thụ, Phường 9, Phú Nhuận, Hồ Chí Minh, Vietnam",10.8006728,106.6739031,"[""Overnight parking available, no closing time 10pm""]",3.0,parking Sài Gòn,Hồ Chí Minh
189,190,Bãi giữ xe ôtô,"Address: 550 Đ. Cách Mạng Tháng 8, Phường 11, Quận 3, Hồ Chí Minh, Vietnam",10.7859457,106.6668947,"[""The parking lot has been upgraded, spacious, clean, reputable, good security, reasonable prices, dedicated staff."", ""Spacious yard, full concrete floor, clean, reputable and safe. Professional car removal staff"", ""Spacious parking lot, professional security, enthusiastic parking and moving support staff.""]",4.4,parking Sài Gòn,Hồ Chí Minh
190,191,Bãi Xe Minh Thành,"Address: 58/8 Hoàng Quốc Việt, Phú Mỹ, Quận 7, Hồ Chí Minh 700000, Vietnam",10.7126895,106.7390643,"[""spacious, 45 car can park very well"", ""Spacious, easy to find... Detour, clean parking lot, good security""]",4.7,parking Sài Gòn,Hồ Chí Minh
191,192,Bãi Giữ Xe P,"Address: 282/1 Hai Bà Trưng, Phường Tân Định, Quận 1, Hồ Chí Minh 700000, Vietnam",10.789042,106.690759,"[""How can I keep the car for 1 night for 40k? The security guard is drunk. When I argued with him, he said he calculated the previous day wrongly, but still charged 40k for 1 night. I asked to change the guard and have a proper car price quote."", ""Taking the price of a car that's too expensive and has a decent system card is like taking as much as you want, if you want to protect it, don't do it."", ""I admit this parking lot is very convenient. The other day I tried sending a quick QR code with MoMo payment and was so surprised.""]",3.0,parking Sài Gòn,Hồ Chí Minh
192,193,Car Garage,"Address: RMW4+933, Phường 8, Gò Vấp, Hồ Chí Minh, Vietnam",10.8458824,106.6551746,"[""Great service. Parking space is avaiable only for car.""]",5.0,parking Sài Gòn,Hồ Chí Minh
193,194,Cholon Bus Station,"Address: 46 Đ. Lê Quang Sung, Phường 14, Quận 6, Hồ Chí Minh, Vietnam",10.7512437,106.6512412,"[""This is the end of the line on bus n# 1 this is where you make your connection down to the mekong on bus 628 long an Tan an.. Bus 84 does not take you all the way to long an province."", ""Near by this bus station there are 2 stalls selling nice food & cheap. the porridge only vnd15k. The fried snack super delicious"", ""So crowded but the path for passenger walking is not defined. You get off the bus and mange to avoid the other bus until you can get to the gate.""]",4.1,parking Sài Gòn,Hồ Chí Minh
194,195,Nhà Xe Quốc Thống SG - Đơn Dương,"Address: 54/12 Đ. Phổ Quang, Phường 2, Tân Bình, Hồ Chí Minh, Vietnam",10.8039386,106.6665107,"[""If you're on holiday, don't take this bus. It goes from SG Dalat to Cau Dat, which is convenient for the people there, but it's unlikely that anyone will take it. The car was so cramped that people were lying in the middle of the road. They thought the car was going over the road. They were afraid to step on it as they walked."", ""Irresponsible, the car passed but never called the customer. When calling the operator again, they said the car had passed while the appointment was at 9:30. The staff on the other end of the line spoke very impolitely as if it was the customer's fault. I hope the car company can improve the way their staff speaks."", ""This bus company does not do business properly. I sent 2 bird cages from Ho Chi Minh City to Da Lat on January 17. But I didn't receive them until January 19. When I received the cages, they were broken and smashed. My brother called the …""]",1.8,parking Sài Gòn,Hồ Chí Minh
195,196,Điểm Giữ Xe Lê Anh Xuân,"Address: 44 Đ. Lê Anh Xuân, Phường Bến Thành, Quận 1, Hồ Chí Minh, Vietnam",10.7721426,106.6949335,"[""This lot has no outside parking, it's a boring place, the security guard is lying to everyone"", ""I parked my car here, but one of the two guys drove the car, but neither of them admitted to breaking the car's glass, while the morning I parked the car it was still intact. When I say that, you guys just shut up and don't say anything or pay anything back.""]",2.6,parking Sài Gòn,Hồ Chí Minh
196,197,Cẩu hoika,"Address: 7 QL1A, Bình Hưng Hoà B, Bình Tân, Hồ Chí Minh, Vietnam",10.8195136,106.6006352,[],5.0,parking Sài Gòn,Hồ Chí Minh
197,198,Bãi giữ xe An Đông,"Address: 100 Hùng Vương, Phường 9, Quận 5, Hồ Chí Minh, Vietnam",10.7585529,106.6706314,"[""The parking attendant curses customers, has an attitude, says customers \""If you can send it then send it, if you can't send it then leave\"", the market style is very rude, everyone avoid this place."", ""Parking is too expensive. Timing from 5:45 a.m. to 11:03 a.m. Take 90k. It cost nearly 200k to be sent in the afternoon, but that's cheap."", ""First hour 40k next 1h 10k hazzz Saigon, come to Phu My and I'll give you fried tofu""]",1.8,parking Sài Gòn,Hồ Chí Minh
198,199,Bãi đỗ xe205,"Address: 205, Trung Mỹ Tây, Quận 12, Hồ Chí Minh, Vietnam",10.8564283,106.6129629,[],5.0,parking Sài Gòn,Hồ Chí Minh
199,200,Đức oto cũ Sài Gòn,"Address: 100/6bis Tổ22 KP2 QL1, Tân Hưng Thuận, Quận 12, Hồ Chí Minh, Vietnam",10.8549311,106.6367545,[],,parking Sài Gòn,Hồ Chí Minh
200,201,Tri An Parking,"Address: 101 QL1A, Thới An, Quận 12, Hồ Chí Minh, Vietnam",10.8615325,106.6581347,[],4.5,parking Sài Gòn,Hồ Chí Minh
201,202,Bãi giữ xe hẻm 145 Nguyễn Văn Trỗi,"Address: 145/4 Đ. Nguyễn Văn Trỗi, Phường 11, Phú Nhuận, Hồ Chí Minh, Vietnam",10.7946084,106.6763871,"[""Any car can be parked, everyone. Luckily I found this place. Thank you very much."", ""Cheerful beach owner. Cool. Morning 60k"", ""Parking here is safe, the parking lot has a roof and the support staff helps drive the car in and out so I'm very satisfied. The price seems a bit high but because of the location and the roof, I think it's ok!""]",5.0,parking Sài Gòn,Hồ Chí Minh
202,203,Bãi giữ xe ô tô,"Address: Bãi giữ xe ô tô lâm cường, 179 Đ. Bình Thới, Phường 10, Quận 11, Hồ Chí Minh, Vietnam",10.764674,106.6464139,"[""I haven't had time to see the parking lot yet, but when I asked the security guard, he was curt and unpleasant. So the owner needed 1 second for me to turn around."", ""Clean parking lot, convenient access right at the intersection of Binh Thoi & Lanh Binh Thang, Ong Ich Khiem""]",4.5,parking Sài Gòn,Hồ Chí Minh
203,204,"Bãi giữ xe máy, ô tô qua đêm","Address: 441/38C Điện Biên Phủ, Phường 25, Bình Thạnh, Hồ Chí Minh, Vietnam",10.8017221,106.7133041,"[""DONG DA Canyon 441 DIEN BIEN PHU, WARD 25, BINH THANH""]",5.0,parking Sài Gòn,Hồ Chí Minh
204,205,Bãi xe,"Address: 176 Đ.Trương Thị Hoa, Hiệp Thành, Quận 12, Hồ Chí Minh, Vietnam",10.8637694,106.6450881,"[""Extremely satisfied"", ""I am very satisfied""]",5.0,parking Sài Gòn,Hồ Chí Minh
205,206,Bãi Đậu Xe Sài Gòn Nhỏ,"Address: 173 Quốc lộ 1A, Tân Mỹ, Thủ Đức, Hồ Chí Minh, Vietnam",10.8432634,106.7448074,[],,parking Sài Gòn,Hồ Chí Minh
206,207,Bãi Giữ Xe 79,"Address: 45 Cao Lỗ, Phường 4, Quận 8, Hồ Chí Minh, Vietnam",10.7364601,106.6799866,[],3.2,parking Sài Gòn,Hồ Chí Minh
207,208,Rent Me Parkings lot,"Address: Hội Thuận Bài Tương Tế /12, 236 Điện Biên Phủ, Phường 17, Bình Thạnh, Hồ Chí Minh, Vietnam",10.7978033,106.7063887,"[""Nothing to say, the bike is going great, great customer service, I recommend Rent Me Motorbike""]",5.0,parking Sài Gòn,Hồ Chí Minh
208,209,Bãi gởi xe,"Address: 120 Đ. Ngô Quyền, Phường 9, Quận 5, Hồ Chí Minh, Vietnam",10.7567545,106.6663017,"[""You guys go to number 1 Tan Da to park better. 50k for parking all day."", ""This place is very irresponsible and uneducated. Everyone should be careful and stay away."", ""The staff spoke impolitely""]",2.3,parking Sài Gòn,Hồ Chí Minh
209,210,Bãi Giữ Xe Ô Tô,"Address: 310 Lạc Long Quân, Phường 5, Quận 11, Hồ Chí Minh, Vietnam",10.7701913,106.6448312,[],2.0,parking Sài Gòn,Hồ Chí Minh
210,211,Bãi đỗ xe (parking),"Address: 229 Khánh Hội, Phường 3, Quận 4, Hồ Chí Minh, Vietnam",10.758693,106.699108,[],,parking Sài Gòn,Hồ Chí Minh
211,212,Bãi giữ xe TNXP,"Address: 161 Lê Lai, Phường Bến Thành, Quận 1, Hồ Chí Minh, Vietnam",10.771807,106.699084,"[""The staff spoke rudely and had an inappropriate attitude. When I got the car and was about to put on my coat, the staff yelled at me, \""Why haven't you taken the car yet? You're going to park the car, not to go to war, why are you in such a hurry? The staff is really"", ""This was the first and last time I parked my car here. I spent money to park my car, but when I went to pick up my car, the staff had an attitude and forced me to find the car and drive it myself 🙂, so why hire a staff person? A car costs …"", ""The price list for motorbikes in the morning: 6am - 6pm is 4,000 VND, but when picking up the motorbike, the staff collects 10,000 VND. When I asked why they took 10,000 VND, the staff said \""foreign guests\"" were 10,000 VND.""]",2.0,parking Sài Gòn,Hồ Chí Minh
212,213,Bãi giữ xe ô tô 76,"Address: 76 Trần Quốc Thảo, Phường Võ Thị Sáu, Quận 3, Hồ Chí Minh, Vietnam",10.7837695,106.6862185,"[""On Saturdays and Sundays, it opens a bit late, around 6 o'clock, thanks to the lady who sent the water cart there and asked to open early. On weekdays, it opens earlier. Spacious parking lot from morning to noon for 50k. Convenient location …"", ""The owner is attentive and clean""]",4.8,parking Sài Gòn,Hồ Chí Minh
213,214,Sai Gon Station,"Address: 1 Nguyễn Thông, Phường 9, Quận 3, Hồ Chí Minh 700000, Vietnam",10.7825892,106.6769701,"[""This station was good, good communication, well organised.  Plenty of seating whilst waiting with lots of shops to buy snacks from.  Everyone is called through to the platform just before the train arrives.  Train departed on time.  All good."", ""If you come here with Grab or Xanh car, the app's direction may take the driver to prohibited street. 1 Nguyen Thong is the address, but the same address spans many buildings outside Ga Saigon. …"", ""the train station in Saigon is a nuce place! we very happy when we can see they change better than""]",4.5,parking Sài Gòn,Hồ Chí Minh
214,215,Binh Hung Parking Lot,"Address: B16/38W9, QL50, Bình Hưng, Bình Chánh, Hồ Chí Minh 71813, Vietnam",10.7191634,106.6565397,"[""Professional and reputable service, large and safe parking lot.\nEnthusiastic staff. I am very satisfied when parking my car here."", ""Can I park my car? Is there any space left?"", ""Drive enthusiastically""]",3.5,parking Sài Gòn,Hồ Chí Minh
215,216,Cobra Auto Thủ Đức,"Address: 30 Đường số 15, Linh Xuân, Thủ Đức, Hồ Chí Minh, Vietnam",10.8800364,106.7616666,"[""bad quality product, fault quote inform, scram..."", ""Bad service. Terrible.""]",3.8,parking Sài Gòn,Hồ Chí Minh
216,217,Bãi Giữ Xe Anh Thư,"Address: 206 Thoại Ngọc Hầu, Phú Thạnh, Tân Phú, Hồ Chí Minh, Vietnam",10.7793054,106.6315165,[],5.0,parking Sài Gòn,Hồ Chí Minh
217,218,NHÀ XE DUY THANH,"Address: 1 Đ. Thành Thái, Phường 14, Quận 10, Hồ Chí Minh, Vietnam",10.7792687,106.6602761,"[""Maybe gg.review the bus company doesn't see it or doesn't care\nBut a very bad experience in terms of service and attitude. Nowadays there are many services for customers to choose from, not just one bus, if you still have that opinion then ....."", ""The bus company works very badly, no system, making other people's work late. The bus company gets drunk and talks nonsense. When you call, they don't pick up the phone, making work late."", ""They even dropped off at the wrong location. They said no and they ignored the bus. The car called to wait for him, then he took care of it and then disappeared. Too BAD!!!!!!""]",2.6,parking Sài Gòn,Hồ Chí Minh
218,219,Bãi đỗ xe Thành Đạt,"Address: 8 Đ. Thạnh Lộc 27, 39, Quận 12, Hồ Chí Minh, Vietnam",10.8666649,106.6872185,[],5.0,parking Sài Gòn,Hồ Chí Minh
219,220,Southern parking,"Address: 13 QL1A, Thới An, Quận 12, Hồ Chí Minh, Vietnam",10.8602778,106.6636111,[],4.0,parking Sài Gòn,Hồ Chí Minh
220,221,Bãi Xe Công Đoàn,"Address: 376 QL1A, Tam Binh, Thủ Đức, Hồ Chí Minh, Vietnam",10.8719168,106.7408992,[],5.0,parking Sài Gòn,Hồ Chí Minh
221,222,Bãi xe Ngọc A Tỷ,"Address: B5/17a, Đ. Trần Đại Nghĩa, Tân Kiên, Bình Tân, Hồ Chí Minh, Vietnam",10.7230836,106.5976673,"[""Chan Xuan Hoa works without heart, customers call but they don't pick up the phone...""]",3.9,parking Sài Gòn,Hồ Chí Minh
222,223,Bến xe khách Công Lập,"Address: 132b Lý Thánh Tông, Tân Thới Hoà, Tân Phú, Hồ Chí Minh 70000, Vietnam",10.7671431,106.6257876,[],5.0,parking Sài Gòn,Hồ Chí Minh
223,224,Bãi xe Thanh Niên,"Address: Bình Trị Đông B, Bình Tân, Ho Chi Minh City, Vietnam",10.7438537,106.6081395,"[""Very cramped. Run to get goods to send to the garage, ride a motorbike into the cargo yard, it collects 10,000 itchy throat. Less than a minute after entering and exiting. Very poor."", ""The parking lot is spacious and airy"", ""Ok, good service, open parking lot""]",3.5,parking Sài Gòn,Không xác định
224,225,Bãi xe xuân phong,"Address: MHQP+C5J, TT. Tân Túc, Bình Chánh, Hồ Chí Minh, Vietnam",10.688385,106.585696,"[""Unreliable car seller, took all the money but delivered the car late many times. Guaranteed inspection but the car is not as inspected, is the charm real? Guys, get out of this car lot."", ""Selling a truck with a box that is not the right size according to the inspection certificate, the vehicle has many errors but I don't understand why the inspection was passed, the documents were withdrawn for more than a month... in general, I will never buy a car here again!""]",2.3,parking Sài Gòn,Hồ Chí Minh
225,226,Bãi Giữ Xe Máy,"Address: 78 Hồ Tùng Mậu, Bến Nghé, Quận 1, Hồ Chí Minh, Vietnam",10.772576,106.703828,"[""This is one of the large parking areas in the center. I don’t like using these parking, but when you come to the center by your scooter, you really need to use these paid parking."", ""It doesn't have a cover for vehicles"", ""I often go to the walking street and often park my bike here. The space is large and the bike arrangement is reasonable, very easy to get to customers. I find it very convenient to arrange 2 rows of motorbikes. …""]",2.9,parking Sài Gòn,Hồ Chí Minh
226,227,Xe Yến Điện,"Address: QMH5+Q6G, Phường 14, Quận 10, Hồ Chí Minh, Vietnam",10.7794318,106.6580817,"[""1B Bac Hai bus station in Ho Chi Minh City, the drivers and porters are all very rude, they have to help carry heavy goods onto the bus but no one wants to touch them, they just play cards and that's it. The fees are high and the employees are miserable."", ""Drop off at the wrong place, booked Bac Hai bus to drop off at Nong Lam University 17km away ???""]",2.3,parking Sài Gòn,Hồ Chí Minh
227,228,Avenue Apartment Basement,"Address: 124 Đ. Số 11, Tam Binh, Thủ Đức, Hồ Chí Minh, Vietnam",10.8636689,106.7338588,"[""Parking garage for residents of Saigon Avenue Apartment""]",5.0,parking Sài Gòn,Hồ Chí Minh
228,229,Bãi Giữ Xe Năm Xẳm,"Address: 419 Đ. Hiệp Thành 13, Hiệp Thành, Quận 12, Hồ Chí Minh, Vietnam",10.8841082,106.6383984,[],4.5,parking Sài Gòn,Hồ Chí Minh
229,230,Bãi Giữ Xe Cấp Cứu,"Address: Tổ 73, 15A2 Đ. Tô Hiến Thành, Khu Phố 9, Quận 10, Hồ Chí Minh, Vietnam",10.7720797,106.6603123,[],,parking Sài Gòn,Hồ Chí Minh
230,231,Bãi Giữ Xe Ôtô Trường Phong | Bãi Xe Trong Nhà 24/7,"Address: 95/1 Bưng Ông Thoàn, Phường Phú Hữu, Thủ Đức, Hồ Chí Minh 71212, Vietnam",10.8027488,106.8015122,"[""New parking lot, clean, airy, safe, covered, good fire protection. Competitive price""]",5.0,parking Sài Gòn,Hồ Chí Minh
231,232,Bãi Xe Anh Tuấn,"Address: 481 Lê Văn Khương, Thới An, Quận 12, Hồ Chí Minh, Vietnam",10.8858227,106.6478197,"[""The staff was rude.. answered the phone without asking if you were picking me up at that station.. hung up immediately.. so disrespectful."", ""The parking lot is a shady business. Everyone should check before coming here."", ""This place has a delicious porridge and vermicelli restaurant""]",3.3,parking Sài Gòn,Hồ Chí Minh
232,233,Garage Thanh Tuấn Quận 7,"Address: 793/62/20, 793/55 Trần Xuân Soạn, Tân Hưng, Quận 7, Hồ Chí Minh, Vietnam",10.7464523,106.6993592,"[""Uncle Thuong's cold patting is very good and the price is also ok, not too expensive, guys. You did it carefully too""]",4.1,parking Sài Gòn,Hồ Chí Minh
233,234,Bãi giữ xe Công ty DV Công ích Quận 3,"Address: 42 Tú Xương, Phường Võ Thị Sáu, Quận 3, Hồ Chí Minh, Vietnam",10.7784796,106.6842396,"[""The parking lot is small and cramped\nPrice 10k/car/turn\nGet one near the eye hospital\nDon't send it here, look elsewhere"", ""This parking lot only keeps motorbikes, not cars. If you want to park your car, go to Ngo Thoi Nhiem and Su Thien Chieu areas.""]",2.3,parking Sài Gòn,Hồ Chí Minh
234,235,Bãi xe,"Address: Nguyễn Thị Sưa, Vĩnh Lộc A, Bình Chánh, Hồ Chí Minh, Vietnam",10.8296481,106.5659747,[],3.8,parking Sài Gòn,Hồ Chí Minh
235,236,Bãi Xe Buýt Phổ Quang - 66 (Công Ty Xe Khách Sài Gòn) - Phổ Quang,"Address: Phường 2, Tân Bình, Ho Chi Minh City, Vietnam",10.8057011,106.6667738,"[""This is the central parking lot for many of the City's bus routes. The access road is near Pho Quang Pagoda, so there will be traffic jams on full moon days and traffic jams during off-hours."", ""The bus in the morning is quite punctual, but in the afternoon there is traffic jam so it is a bit late""]",3.7,parking Sài Gòn,Không xác định
236,237,Rồng Việt Limousine - Bãi xe 24/7,"Address: 58 QL1A, Bà Điểm, Hóc Môn, Hồ Chí Minh, Vietnam",10.8303225,106.6044024,[],3.7,parking Sài Gòn,Hồ Chí Minh
237,238,Bãi Giữ Xe Máy,"Address: 200 Lê Lai, Phường Phạm Ngũ Lão, Quận 1, Hồ Chí Minh, Vietnam",10.7685802,106.6906464,"[""They broke my motorbike and the little boy is useless . Don’t park here!"", ""The technicians worked very gently and thoughtfully. There's no pain when it comes to hair removal or acne treatment. Once done, you'll be told to take good care of your skin""]",4.2,parking Sài Gòn,Hồ Chí Minh
238,239,Sân bóng đá Sài gòn mới,"Address: 71/51/49 Đ. Đào Tông Nguyên, khu phố 7, Nhà Bè, Hồ Chí Minh 758000, Vietnam",10.684745,106.747474,"[""The new stadium is great to play in, the parking lot is quite large.""]",5.0,parking Sài Gòn,Hồ Chí Minh
239,240,Công Ty TNHH Một Thành Viên Giao Nhận Vận Chuyển Đường Sắt Sài Gòn Ratraco,"Address: KM 1710+560, Ga Sóng Thần, Khu Phố, Bình Đường 1, An Bình, Dĩ An, Bình Dương, Vietnam",10.8736792,106.7581884,[],,parking Sài Gòn,Bình Dương
240,241,xe hợp đồng,"Address: Võ Văn Kiệt, Phường Nguyễn Thái Bình, Thành phố Hồ Chí Minh, Hồ Chí Minh 70000, Vietnam",10.7654016,106.6997302,[],,parking Sài Gòn,Hồ Chí Minh
241,242,Văn Phòng Xe Điền Linh Tân Bình,"Address: 39 Xuân Hồng, Phường 12, Tân Bình, Hồ Chí Minh, Vietnam",10.7945499,106.6524204,"[""We’ve taken a bus trip with this company today from HCMC to Dalat. We are overall very happy with the experience ☺️ The trip was scheduled for 11 AM. We arrived to the office 20 minutes earlier and were given the tickets and stickers for …"", ""If I could give 0 star i would definitely do!\nOverall service is very unsatisfied. If you’re looking for transport service in Ho Chi Minh City, please go for others. At first when I arrived, staffs seemed …"", ""If you want to be yelled at, told to not get off at your closest stop and taken far away from your ticketed location late at night, use this company. …""]",2.3,parking Sài Gòn,Hồ Chí Minh
242,243,Bãi đậu xe Cao Thắng,"Address: 177 Cao Thắng, Phường 12, Quận 10, Hồ Chí Minh, Vietnam",10.7745839,106.6760626,"[""I had some business in Cao Thang so I parked the car there. When I left to get my car, I couldn't get it because the door was locked from the outside. I had to wait 30 minutes to get the car""]",3.3,parking Sài Gòn,Hồ Chí Minh
243,244,Huỳnh tâm,"Address: 1 QL1A, Thạnh Xuân, Quận 12, Hồ Chí Minh, Vietnam",10.8619736,106.6677363,[],,parking Sài Gòn,Hồ Chí Minh
244,245,Nhà xe Phát Thủy Bạc Liêu,"Address: 63 Đ. Số 1A, An Lạc, Bình Tân, Hồ Chí Minh, Vietnam",10.7237335,106.6131068,"[""Bus was late. Seats are smaller than Futa bus. Sale people wake you up.""]",2.5,parking Sài Gòn,Hồ Chí Minh
245,246,Công Ty Trách Nhiệm Hữu Hạn Vận Tải Hoàng Nam S.g,"Address: 33/1Q ấp Đông Lân, Bà Điểm, Hóc Môn, Hồ Chí Minh, Vietnam",10.8453844,106.6098453,"[""The shipping company lost or damaged the goods and did not pay for it, so they refused to pay. The price for the goods was sometimes this, sometimes that. The trucks were always sent to other trucks outside the company, there were none. …""]",4.0,parking Sài Gòn,Hồ Chí Minh
246,247,Ba Son Station,"Address: Bến Nghé, District 1, Ho Chi Minh City, Vietnam",10.7815455,106.7079053,"[""Big, clean, near the riverbank, a nice spot for taking photos and chilling out"", ""During the free trial time, the Metro is always crowded. The staffs are quite aggressive. The Metro system is not organised since there is no visible procedure to follow, as long as no digital board to announce the time when Metro train …"", ""This is a metro station but out side is beautiful""]",4.7,parking Sài Gòn,Không xác định
247,248,Bến xe Miền Đông Mới,"Address: Bến xe Miền Đông mới, Bình An, Thủ Đức, Hồ Chí Minh, Vietnam",10.8804117,106.8156933,"[""Look new\nAlmost the staffs bad attitude …"", ""New, so the facilities were still in good condition. Modern design."", ""Clean restrooms like most other garages, with hand sanitizer, spacious waiting seats, and affordable underground parking.""]",4.1,parking Sài Gòn,Hồ Chí Minh
248,249,Sai Gon Cargo Service Coporation,"Address: 30 Đ. Phan Thúc Duyện, Phường 4, Tân Bình, Hồ Chí Minh 70000, Vietnam",10.8053059,106.6597484,"[""Good service with reasonable price."", ""BAB SERVICE, STAFF TOO IMPOLITE WITH CUSTOMMER""]",4.0,parking Sài Gòn,Hồ Chí Minh
249,250,Metro Tan Cang Station,"Address: 687 Điện Biên Phủ, Phường 25, Bình Thạnh, Hồ Chí Minh, Vietnam",10.798757,106.7231481,"[""Better to take other transport until they figure things out. Waited in this line for 25 minutes, then gave up. They only let 5-10 people go up to the platform at a time. In the 25 minutes I was there, only two groups moved up the stairs. As …"", ""It's Metro station. It's finally completed and starting their business!! The station itself is still very clean. It seems like there is no connection to Vinhome side, and it may take time to come to. It seems like they have a plant to make …"", ""⭐️⭐️⭐️⭐️\nGreat for bulk shopping, clean and convenient …""]",4.7,parking Sài Gòn,Hồ Chí Minh
250,251,Hộ kinh doanh bãi giữ xe ôtô xe máy 24/24,"Address: 15/20 Hẻm 15/70 Hòa Bình, Phường 3, Quận 11, Hồ Chí Minh, Vietnam",10.7648619,106.636621,"[""Is there any parking space? Please bring the key."", ""The parking lot at the entrance is large, very easy to move in and out, has a cool roof, the parking lot is clean, the staff here are very enthusiastic in supporting you.""]",5.0,bãi giữ xe máy TP.HCM,Hồ Chí Minh
251,252,Bãi giữ xe máy và ôtô 24/7,"Address: 378/4 Điện Biên Phủ, Phường 10, Quận 10, Hồ Chí Minh, Vietnam",10.7743222,106.6800872,"[""Keep hospital motorbikes safe 👍 …"", ""Parking lot is located in spacious alley 378\ncar parking ticket 70k/time\novernight 100-150/night …""]",5.0,bãi giữ xe máy TP.HCM,Hồ Chí Minh
252,253,"Bãi Giữ Xe Hơi, Xe Máy","Address: Phường 22, Bình Thạnh, Ho Chi Minh City, Vietnam",10.7971811,106.7219086,"[""What could be better than a parking lot right next to Landmark81? Its convenience and spaciousness combined with the enthusiastic, cheerful and responsible attitude of the parking lot managers gave me and my friends a fun and secure evening."", ""Absolutely wonderful! My friends and I wanted to go for a walk to Vinhomes park after a long day of work, but this was also peak time and we were too lazy to go to the parking garage because it was too crowded. Luckily, we found a spacious and secure parking lot right in the Vinhomes area, it's genuine and the price is cheap!""]",5.0,bãi giữ xe máy TP.HCM,Không xác định
253,254,Bãi giữ xe máy trong nhà ngày & đêm,"Address: 175/16 Đ. Nguyễn Thiện Thuật, Phường 1, Quận 3, Hồ Chí Minh, Vietnam",10.7682163,106.6790098,"[""Keep your car carefully and safely. Gentle aunt and uncle""]",5.0,bãi giữ xe máy TP.HCM,Hồ Chí Minh
254,255,Bãi giữ xe Ô tô - Xe máy Phương Nam 24/24,"Address: 52 Đ. Ung Văn Khiêm, Phường 25, Bình Thạnh, Hồ Chí Minh, Vietnam",10.8083634,106.7144272,"[""The beach is covered, paved, spacious, fronting Ung Van Khiem street. Price calculated by fixed block:\nBefore 7am: 50k\nFrom 7am: 50k"", ""Reasonable parking price, polite staff, car wash and vacuuming very reasonable"", ""This parking lot is very large, paved with asphalt, with a metal roof, very reasonable prices, spacious and comfortable for vehicles. Near Hutech school in alley 31 UVK, convenient for students to park their motorbikes. The staff is cheerful and enthusiastic. They wash customers' vehicles cleanly.""]",4.6,bãi giữ xe máy TP.HCM,Hồ Chí Minh
255,256,Bãi Giữ Xe CĐT,"Address: C18 tổ 220 ẤP 4B, Bình Hưng, Bình Chánh, Hồ Chí Minh, Vietnam",10.737024,106.688595,"[""spacious covered parking lot 1 100 000 VND to 1 200 000 VND per month"", ""Corrugated iron roof, friendly, comfortable. 24/7"", ""Spacious and airy""]",4.9,bãi giữ xe máy TP.HCM,Hồ Chí Minh
256,257,Bãi giữ xe máy lô 3C,"Address: 68C Nguyễn Thị Nhỏ, Phường 15, Quận 11, Hồ Chí Minh, Vietnam",10.7695963,106.6527257,"[""Parking overnight""]",4.0,bãi giữ xe máy TP.HCM,Hồ Chí Minh
257,258,Bãi giữ xe máy và Ôtô,"Address: RP98+JV6, Cư xá Thanh Đa, Bình Thạnh, Hồ Chí Minh, Vietnam",10.8190453,106.717138,"[""Looks more like a warehouse than a parking lot""]",4.0,bãi giữ xe máy TP.HCM,Hồ Chí Minh
258,259,Bãi Giữ Xe Thiết Mộc Lan,"Address: 30a Đỗ Nhuận, Sơn Kỳ, Tân Phú, Hồ Chí Minh, Vietnam",10.8050085,106.6257604,"[""Parking ok. Large parking lot.""]",4.5,bãi giữ xe máy TP.HCM,Hồ Chí Minh
259,260,Bãi giữ xe Văn Trung 24/24 ô tô - xe máy,"Address: 51-53A Đ. An Dương Vương, Phường 7, Quận 5, Hồ Chí Minh, Vietnam",10.7569417,106.6725671,"[""The new employee works too slowly. I've only been here for 2 months. Seeing that he's older, I'm sympathetic, but he's still irritable and unfriendly. If I accidentally overshoot the camera, he's always babbling and unprofessional. The young employee is friendly and the place is cool, so I gave him 2 stars."", ""Spacious, airy, large surrounding buildings block the sun so it doesn't get hot. Reasonable price, send from 8am to 3pm for 50k"", ""Motorbikes are parked all over the place.""]",2.7,bãi giữ xe máy TP.HCM,Hồ Chí Minh
260,261,Bãi giữ xe 500/4,"Address: 500/4 Nguyễn Chí Thanh, Phường 6, Quận 10, Hồ Chí Minh 700000, Vietnam",10.7589807,106.6621862,"[""Okay, enthusiastic. The entrance is a bit small. The owner helps drive the car in."", ""As soon as I got home, the owner came out and drove the car for customers, quite friendly and positive. Anyone who goes to RHM hospital can consider it"", ""The beach is ok and easy to get to, but the road is a bit challenging for new drivers :)""]",4.4,bãi giữ xe máy TP.HCM,Hồ Chí Minh
261,262,BÃI GIỮ XE 189 HOÀ BÌNH,"Address: 189 Đ. Hòa Bình, Hiệp Tân, Tân Phú, Hồ Chí Minh 72000, Vietnam",10.7711156,106.6282581,"[""It's hard for a weak female driver like me to start the car so I don't meet the cute staff who give me a lot of support 👍👍👍👍👍 …"", ""Beautiful, safe, professional parking lot! I feel very secure when sending here! The entrance is spacious and extremely convenient. For a female driver like me, it's really easy to get in and out of the parking lot, and there's even a car wash! Wow! I really like it!⭐️⭐️⭐️⭐️⭐️"", ""Clean parking lot, security, surveillance cameras, safe, enthusiastic service style, feel very satisfied with the experience.""]",4.9,bãi giữ xe máy TP.HCM,Hồ Chí Minh
262,263,Bãi giữ xe ôtô Hòa Hưng,"Address: 125/19 Hoà Hưng, Phường 12, q10, Hồ Chí Minh 70000, Vietnam",10.7775683,106.6728915,"[""Clean, airy parking lot, reasonable price ^^ No. 125/19 Hoa Hung F12 District 10"", ""Overnight price please"", ""Family car park, very friendly""]",4.8,bãi giữ xe máy TP.HCM,Hồ Chí Minh
263,264,Bãi giữ xe,"Address: 35 Nguyễn Huy Lượng, Phường 14, Bình Thạnh, Hồ Chí Minh, Vietnam",10.805512,106.6959568,"[""Opposite the cafe there is a parking lot for convenient transportation."", ""Next to Oncology Hospital. Price 70,000 1 piece. Convenient to go to the doctor"", ""Comfortable, has hammock for driver, clean toilet""]",4.3,bãi giữ xe máy TP.HCM,Hồ Chí Minh
264,265,Bãi gửi xe máy Song Lâm,"Address: 25 Huỳnh Thúc Kháng, Bến Nghé, Quận 1, Hồ Chí Minh, Vietnam",10.7731515,106.7030374,"[""They are charging 50kVND/bike because of the upcoming National Holiday 30/04. This price is ridiculous and just pure ripoff people and greedy. Please park elsewhere."", ""The parking lot charges an outrageous fee of 50,000 VND per vehicle, and the staff are rude and impolite — I strongly advise against parking here."", ""The parking lot is not doing well\nApril 19, 2025 sent the car to watch the fireworks on the occasion of the 50th Liberation Day …""]",1.3,bãi giữ xe máy TP.HCM,Hồ Chí Minh
265,266,Bãi Xe 24/7,"Address: 58/2A QL1A, Bà Điểm, Hóc Môn, Hồ Chí Minh 700000, Vietnam",10.8301601,106.6042247,[],4.6,bãi giữ xe máy TP.HCM,Hồ Chí Minh
266,267,Bãi xe 24h,"Address: 332 Cao Thắng, Phường 12, Quận 10, Hồ Chí Minh, Vietnam",10.7746952,106.6743114,"[""This parking lot has two employees with very bad attitudes who only bully. The parking lot is lined with sand and rocks so parking is very dirty and smelly. Anyone who has just washed a car strongly advises against leaving their car here."", ""In front of us is an attitude guard. To see if there are any more, add a few more 1s ratings.""]",2.9,bãi giữ xe máy TP.HCM,Hồ Chí Minh
267,268,Bãi Giữ Xe Ô Tô 24/24,"Address: 2 Đ. Tống Văn Trân, Phường 5, Quận 11, Hồ Chí Minh, Vietnam",10.7705076,106.6436229,"[""The parking lot is large, covered, staff is ok, and accepts monthly parking. As for car rental, the parking lot is just an intermediary between the renter and the car owner, the parking lot itself is not the car owner. If I have the opportunity, I will return to this place, overall quite satisfied."", ""Large parking lot, usually parking by month or year.\nThere are also tourist cars for rent from 4 to 45 seats""]",4.3,bãi giữ xe máy TP.HCM,Hồ Chí Minh
268,269,Bãi Giữ Xe Ô Tô,"Address: 1 Cư Xá Đồng Tiến, Phường 14, Quận 10, Hồ Chí Minh, Vietnam",10.7696151,106.6645914,"[""First 3 hours 30k, next 1 hour 10k. Near rice, pho, coffee, hot sun""]",3.9,bãi giữ xe máy TP.HCM,Hồ Chí Minh
269,270,Bãi Gửi Xe Bình Minh,"Address: 27 Tân Hưng, Phường 12, Quận 5, Hồ Chí Minh 80000, Vietnam",10.7551994,106.6591657,"[""Beautiful beach, cool, cheap cost. Anyone who goes to the hospital to park can leave it here, it's great."", ""The parking lot is not open for retail customers."", ""Great. 10 points 🥰 …""]",4.4,bãi giữ xe máy TP.HCM,Hồ Chí Minh
270,271,Bãi Giữ Xe Phú Hoàng Phát,"Address: 6 Đ. Tân Mỹ, Tân Thuận Tây, Quận 7, Hồ Chí Minh, Vietnam",10.750601,106.7197133,"[""24/7 parking, very large parking lot"", ""delicious coffee""]",4.5,bãi giữ xe máy TP.HCM,Hồ Chí Minh
271,272,Bãi giữ xe máy Block C - Cổng 2,"Address: 364/1a Đ. Phan Văn Trị, Phường 5, Gò Vấp, Hồ Chí Minh 700000, Vietnam",10.8268547,106.6911607,"[""Safe and effective""]",5.0,bãi giữ xe máy TP.HCM,Hồ Chí Minh
272,273,Bãi giữ xe ô tô Sáng Nhỏ,"Address: 202 Đ.Trịnh Đình Trọng, Phú Trung, Tân Phú, Hồ Chí Minh, Vietnam",10.776037,106.641962,"[""Don't keep motorbikes""]",3.7,bãi giữ xe máy TP.HCM,Hồ Chí Minh
273,274,Ky Hoa parking lot,"Address: QMFF+V9P, Phường 12, Quận 10, Hồ Chí Minh, Vietnam",10.7747099,106.6734376,[],5.0,bãi giữ xe máy TP.HCM,Hồ Chí Minh
274,275,Bãi Giữ Xe Minh Quân 2,"Address: 2B, Đường CN6, Phường Sơn Kỳ, Quận Tân Phú, Thành Phố Hồ Chí Minh, Thành Phố Hồ Chí Minh, Sơn Kỳ, Tân Phú, Hồ Chí Minh, Vietnam",10.8084779,106.6106059,[],,bãi giữ xe máy TP.HCM,Hồ Chí Minh
275,276,bãi giữ xe nguyễn xí,"Address: 1 Đ. Nguyễn Xí, Phường 13, Bình Thạnh, Hồ Chí Minh, Vietnam",10.8236465,106.7009205,[],4.3,bãi giữ xe máy TP.HCM,Hồ Chí Minh
276,277,Bãi Giữ Xe Ôtô-Xe Máy,"Address: đồng diều, 2 Đ. Nguyễn Văn Lượng, Khu Dân Cư, Gò Vấp, Hồ Chí Minh, Vietnam",10.8412721,106.6813408,"[""Long-term debt is difficult to collect!""]",2.5,bãi giữ xe máy TP.HCM,Hồ Chí Minh
277,278,Bãi Giữ Xe A Huy,"Address: 278 Lãnh Binh Thăng, Phường 8, Quận 11, Hồ Chí Minh, Vietnam",10.762915,106.6511559,[],5.0,bãi giữ xe máy TP.HCM,Hồ Chí Minh
278,279,Bãi giữ xe Công viên Phú Lâm xe máy - ô tô,"Address: 170 Đ. Kinh Dương Vương, Phường 13, Quận 6, Hồ Chí Minh, Vietnam",10.7476119,106.6240474,"[""Staff has good attitude, reasonable price. Can park 24/24h on Le Tuan Mau street (inside the parking lot)""]",5.0,bãi giữ xe máy TP.HCM,Hồ Chí Minh
279,280,Bãi Giữ Xe - Rửa Xe Kim Hoàn 24/7,"Address: 81 Đ. An Nhơn, Phường 17, Gò Vấp, Hồ Chí Minh 700000, Vietnam",10.8366788,106.6787434,[],5.0,bãi giữ xe máy TP.HCM,Hồ Chí Minh
280,281,Bãi Giữ Xe,"Address: 37 Tây Thạnh, Tân Phú, Hồ Chí Minh, Vietnam",10.8193831,106.6293383,"[""Spacious and airy""]",4.5,bãi giữ xe máy TP.HCM,Hồ Chí Minh
281,282,Bãi đỗ xe 255 Phan Châu Trinh,"Address: 255 Phan Châu Trinh, Phước Ninh, Hải Châu, Đà Nẵng 550000, Vietnam",16.060387,108.2195292,[],5.0,bãi đỗ xe Đà Nẵng,Đà Nẵng
282,283,Bãi đỗ xe,"Address: 367Q+6RX, Phước Mỹ, Sơn Trà, Đà Nẵng 550000, Vietnam",16.0631182,108.2395943,"[""The parking lot is large, but not cemented. Parking for trucks is okay, but cars are very dirty""]",4.0,bãi đỗ xe Đà Nẵng,Đà Nẵng
283,284,Bãi đỗ xe máy chợ đêm,"Address: 471 Đ. Trần Hưng Đạo, An Hải Trung, Sơn Trà, Đà Nẵng 550000, Vietnam",16.060944,108.2303618,[],5.0,bãi đỗ xe Đà Nẵng,Đà Nẵng
284,285,Bãi đỗ xe,"Address: 36GF+FGJ, Thạch Thang, Hải Châu, Đà Nẵng 550000, Vietnam",16.0762127,108.2237776,[],4.0,bãi đỗ xe Đà Nẵng,Đà Nẵng
285,286,Bãi đỗ xe Núi Thành,"Address: 26XC+WC3, Trần Thị Lý, Bình Thuận, Hải Châu, Đà Nẵng 550000, Vietnam",16.0497557,108.2210455,[],5.0,bãi đỗ xe Đà Nẵng,Đà Nẵng
286,287,Parking lot 4-7 seats,"Address: 22GP+784, Hoà Ninh, Hòa Vang, Đà Nẵng, Vietnam",16.0256254,108.0358437,"[""Sun World occupies large swathes of the Ba Na Hills, just outside the city of Da Nang and about an hour’s drive from Hoi An."", ""There is plenty of space reserved for vehicle parking. There is a lot to explore around the gardens made in the entrance area. There is also a small pound with a beautiful back drop of hills"", ""Free parking for people who go to Ba na hills by scooter, thanks for a parking""]",4.1,bãi đỗ xe Đà Nẵng,Đà Nẵng
287,288,Bãi đỗ xe ô tô,"Address: 68 Thái Phiên, Street, Hải Châu, Đà Nẵng 550000, Vietnam",16.0655693,108.2208555,[],5.0,bãi đỗ xe Đà Nẵng,Đà Nẵng
288,289,Passenger Car Parking,"Address: 472H+4WC, Hoàng Sa, Thọ Quang, Sơn Trà, Đà Nẵng, Vietnam",16.1003066,108.2797537,"[""I fit so many of my cars here voila!"", ""The parking lot is spacious, there is a guide to arrange the cars in rows, according to different types 4-7-16-30-45 very neatly. Can accommodate up to several hundred vehicles on peak days.""]",5.0,bãi đỗ xe Đà Nẵng,Đà Nẵng
289,290,Bãi Đậu xe Mái che Hồ Lộc,"Address: Mỹ Khê 2, Phước Mỹ, Sơn Trà, Đà Nẵng 550000, Vietnam",16.0632367,108.2406341,[],4.9,bãi đỗ xe Đà Nẵng,Đà Nẵng
290,291,Bãi xe Anh Phước,"Address: Đ. Nguyễn Văn Linh, Hòa Thuận Tây, Hải Châu, Đà Nẵng 550000, Vietnam",16.0582417,108.2040602,"[""The parking lot is large, covered and has special parking by the hour/day/month, very convenient for each person's needs. I find the owner here very enthusiastic and kind, very supportive."", ""The parking lot is covered, spacious and cool. The owner is friendly to customers.\nPeople who go on business trips are advised to send their cars overnight"", ""Parking fee 80k/day\nThe parking lot has a roof made of corrugated iron and a net\nThe parking lot has many fixed locations but is not for guests to park, but is …""]",4.6,bãi đỗ xe Đà Nẵng,Đà Nẵng
291,292,Bãi đỗ xe,"Address: 36C5+G7G, Chính Gián, Thanh Khê, Đà Nẵng 550000, Vietnam",16.0713183,108.2082091,[],,bãi đỗ xe Đà Nẵng,Đà Nẵng
292,293,Bãi Giữ Xe Ô Tô,"Address: 196 Đ. Bế Văn Đàn, Chính Gián, Hải Châu, Đà Nẵng 550000, Vietnam",16.06498,108.1954682,[],5.0,bãi đỗ xe Đà Nẵng,Đà Nẵng
293,294,Bãi đỗ xe,"Address: 221 Lý Đạo Thành, An Hải Bắc, Sơn Trà, Đà Nẵng 550000, Vietnam",16.0831784,108.2351026,[],,bãi đỗ xe Đà Nẵng,Đà Nẵng
294,295,Bãi đỗ xe,"Address: 2639+PXP, Hoà Xuân, Cẩm Lệ, Đà Nẵng 550000, Vietnam",16.0043421,108.2199441,[],5.0,bãi đỗ xe Đà Nẵng,Đà Nẵng
295,296,Bãi đỗ xe xóm,"Address: 30 Nguyễn Hàng, Hòa Thọ Đông, Cẩm Lệ, Đà Nẵng 550000, Vietnam",16.0168469,108.2021895,[],5.0,bãi đỗ xe Đà Nẵng,Đà Nẵng
296,297,Bãi đỗ xe,"Address: 366R+X9G, Phước Mỹ, Sơn Trà, Đà Nẵng 550000, Vietnam",16.0624332,108.2409421,[],,bãi đỗ xe Đà Nẵng,Đà Nẵng
297,298,Bãi đỗ xe Bắc Công viên Biển Đông,"Address: 36FW+859, Võ Nguyên Giáp, Phước Mỹ, Sơn Trà, Đà Nẵng 550000, Vietnam",16.0732819,108.2454727,"[""The parking lot is quite large for both motorbikes and cars and is completely free. It is very convenient for everyone to go swimming at Pham Van Dong beach and walk around Bien Dong park. Right next to it are freshwater beaches number 1, …""]",5.0,bãi đỗ xe Đà Nẵng,Đà Nẵng
298,299,Bãi Đỗ Xe Caraven Coffee,"Address: 26 Lý Thường Kiệt, Thạch Thang, Thạch Thang, Hải Châu, Đà Nẵng, Vietnam",16.0800899,108.2195391,"[""Wide beach with full amenities""]",5.0,bãi đỗ xe Đà Nẵng,Đà Nẵng
299,300,Bãi đỗ xe An Hải,"Address: 36QP+4JJ, Nại Hiên Đông, Sơn Trà, Đà Nẵng 550000, Vietnam",16.0878369,108.2365044,[],5.0,bãi đỗ xe Đà Nẵng,Đà Nẵng
300,301,Bãi đỗ xe,"Address: 2623+8PX, Hoà Châu, Hòa Vang, Đà Nẵng 550000, Vietnam",16.0008689,108.2043729,[],,bãi đỗ xe Đà Nẵng,Đà Nẵng
301,302,Văn phòng XanhSM Đà Nẵng,"Address: 265R+2C3, Minh Mạng, Khuê Mỹ, Ngũ Hành Sơn, Đà Nẵng 550000, Vietnam",16.007424,108.240972,"[""New, spacious, clean""]",5.0,bãi đỗ xe Đà Nẵng,Đà Nẵng
302,303,Bãi Đỗ Xe Công Phúc,"Address: 16 Đà Sơn, Hoà Khánh Nam, Liên Chiểu, Đà Nẵng 550000, Vietnam",16.051935,108.1536799,[],,bãi đỗ xe Đà Nẵng,Đà Nẵng
303,304,Bãi Đỗ Xe ô tô Hầm Chui Đà Nẵng,"Address: 92A Điện Biên Phủ, Chính Gián, Thanh Khê, Đà Nẵng 55000, Vietnam",16.065908,108.200102,"[""Convenient, easy to move""]",5.0,bãi đỗ xe Đà Nẵng,Đà Nẵng
304,305,Bãi đỗ xe Bảo tàng Chăm,"Address: 2 Đ. 2 Tháng 9, Phước Ninh, Hải Châu, Đà Nẵng 550000, Vietnam",16.0602217,108.2236033,[],5.0,bãi đỗ xe Đà Nẵng,Đà Nẵng
305,306,Bãi đỗ xe,"Address: X6W4+GHF, Hoà Châu, Hòa Vang, Đà Nẵng 550000, Vietnam",15.9963123,108.2064123,[],,bãi đỗ xe Đà Nẵng,Đà Nẵng
306,307,Bãi đỗ xe Petrolimex,"Address: Đ. Lê Văn Hiến, Khuê Mỹ, Ngũ Hành Sơn, Đà Nẵng, Vietnam",16.0276468,108.2499402,[],,bãi đỗ xe Đà Nẵng,Đà Nẵng
307,308,Bãi xe Phước Tiến,"Address: 88 Võ Văn Kiệt, Phước Mỹ, Sơn Trà, Đà Nẵng 550000, Vietnam",16.0618549,108.239724,[],5.0,bãi đỗ xe Đà Nẵng,Đà Nẵng
308,309,Bãi đỗ xe An Xuân,"Address: 357J+8FQ, Điện Biên Phủ, Thanh Khê Đông, Thanh Khê, Đà Nẵng 550000, Vietnam",16.0633427,108.1812324,[],,bãi đỗ xe Đà Nẵng,Đà Nẵng
309,310,Bãi đỗ xe Trần Hữu Độ,"Address: 26MR+GHX, Trần Hữu Độ, Khuê Mỹ, Ngũ Hành Sơn, Đà Nẵng, Vietnam",16.0338677,108.2414695,[],,bãi đỗ xe Đà Nẵng,Đà Nẵng
310,311,Bãi đỗ xe Lotte Mart,"Address: 26PH+5JM, Lotte Mart, Hoà Cường Bắc, Hải Châu, Đà Nẵng, Vietnam",16.0354727,108.2290552,"[""Everything for sale. Especially good and interesting food section.""]",4.5,bãi đỗ xe Đà Nẵng,Đà Nẵng
311,312,"Bãi đỗ xe, cà phê, Bida","Address: 150 Duy Tân, Hòa Thuận Nam, Hải Châu, Đà Nẵng 550000, Vietnam",16.051135,108.205202,[],,bãi đỗ xe Đà Nẵng,Đà Nẵng
312,313,Bãi đỗ xe Chương Dương,"Address: 26GQ+F8X, Chương D., Khuê Mỹ, Ngũ Hành Sơn, Đà Nẵng, Vietnam",16.0262499,108.2383618,"[""The parking lot is very spacious and airy""]",5.0,bãi đỗ xe Đà Nẵng,Đà Nẵng
313,314,Bãi đỗ xe Quang Trung,"Address: 36GF+7G6, Quang Trung, Thạch Thang, Hải Châu, Đà Nẵng 550000, Vietnam",16.0756637,108.2237585,"[""I parked my car in the tennis court parking lot this morning. When I returned, my car was blocked and I could not move it. I had to take a Grabcar move (125.000). I will also have to take a Grabcar to return (125.000). I want you to pay me 250.000 for the Grabcar and another 250.000 for my inconvenience. 500.000.  I am very angry.""]",1.0,bãi đỗ xe Đà Nẵng,Đà Nẵng
314,315,Bãi đỗ xe Chùa Bà Đa,"Address: 26PR+V77, Hoài Thanh, Bắc Mỹ An, Ngũ Hành Sơn, Đà Nẵng, Vietnam",16.0371609,108.2406826,[],,bãi đỗ xe Đà Nẵng,Đà Nẵng
315,316,Bãi đỗ xe Khu di tích K20,"Address: 26CV+R9M, Đ. Nghiêm Xuân Yêm, Khuê Mỹ, Ngũ Hành Sơn, Đà Nẵng, Vietnam",16.0220829,108.2434121,[],4.5,bãi đỗ xe Đà Nẵng,Đà Nẵng
316,317,Bãi đậu xe Vân Đồn,"Address: 36QJ+GW9, Nại Hiên Đông, Sơn Trà, Đà Nẵng 550000, Vietnam",16.0887832,108.2323514,"[""Reputation, safety, responsibility""]",5.0,bãi đỗ xe Đà Nẵng,Đà Nẵng
317,318,Bãi đỗ xe,"Address: X6WM+JPF, Võ Chí Công, Hoà Quý, Ngũ Hành Sơn, Đà Nẵng 550000, Vietnam",15.9965537,108.2342842,[],,bãi đỗ xe Đà Nẵng,Đà Nẵng
318,319,Bãi đỗ xe Tổ 1 Cửa Quận Ngũ Hành Sơn,"Address: 2783+F38, Đinh Gia Khánh, Khuê Mỹ, Ngũ Hành Sơn, Đà Nẵng, Vietnam",16.0161666,108.2526999,[],,bãi đỗ xe Đà Nẵng,Đà Nẵng
319,320,Bãi đỗ xe Chợ Khuê Mỹ,"Address: 26GX+454, Trần Hoành, Khuê Mỹ, Ngũ Hành Sơn, Đà Nẵng, Vietnam",16.0252522,108.2479571,[],,bãi đỗ xe Đà Nẵng,Đà Nẵng
320,321,Parking international terminal,"Address: 3643+H97, Đ. Nguyễn Văn Linh, Hòa Thuận Tây, Hải Châu, Đà Nẵng 550000, Vietnam",16.0564182,108.203423,"[""Beware! Many hustlers here harassing Grab passengers.\n\nThey will demand you cancel your Grab booking and use them instead. When I …"", ""There is grab pick up place at outside building. But it’s different at domestic arrivals and international arrivals.\nDon’t miss it when you call to pick up grab.""]",4.1,bãi đỗ xe Đà Nẵng,Đà Nẵng
321,322,Bãi đỗ xe Nguyễn Tường Phổ,"Address: 357F+GPX, Hoà Minh, Liên Chiểu, Đà Nẵng 550000, Vietnam",16.0638608,108.1743526,[],,bãi đỗ xe Đà Nẵng,Đà Nẵng
322,323,Bãi đỗ xe Container,"Address: 43 Trần Cao Vân, Xuân Hà, Thanh Khê, Đà Nẵng 550000, Vietnam",16.0723998,108.2094389,"[""I booked a train ticket to Hue and arrived an hour early, but the train was delayed for 2 hours. I regret just using the minibus.\nThe scenery passing by is nice, so I'll wait."", ""Container parking lot Da Nang city""]",4.0,bãi đỗ xe Đà Nẵng,Đà Nẵng
323,324,Bãi Giữ Xe Chở Câu,"Address: 37X7+MXV, Thọ Quang, Sơn Trà, Đà Nẵng, Vietnam",16.09925,108.2649237,"[""The squid fishing ground here will be an ideal fishing ground. Anyone who wants to fish for squid against shrimp should contact Mr. Hau"", ""Go squid fishing from here.""]",3.8,bãi đỗ xe Đà Nẵng,Đà Nẵng
324,325,Nhà gửi xe Bến xe trung tâm Đà Nẵng,"Address: Xe Trung Tâm, Bến, Tôn Đức Thắng, Hoà Minh, Cẩm Lệ, Đà Nẵng 550000, Vietnam",16.0564498,108.1728391,"[""My father is old so he doesn't know how to use the automatic ticket machine so he accidentally went past the machine. The ticket issuing staff had a bad attitude and yelled at my father. I was impatient so I ran to help him press the …"", ""The garage has a roof so it is very airy and cool, without fear of sun or rain damaging the car."", ""The parking lot is right in front of the bus station. If you look straight in, you will see instructions on the left side of the gate. Parking is automatic, when you go in, press the red button and you'll get a card and go in to park your …""]",3.8,bãi đỗ xe Đà Nẵng,Đà Nẵng
325,326,Công Ty Cổ Phần Vận Tải Và Quản Lý Bến Xe Đà Nẵng,"Address: 25XF+9W5, Hoà An, Cẩm Lệ, Đà Nẵng 550000, Vietnam",16.0483872,108.1748603,"[""The bus station service is good but there is still a problem with the management of the Van Khoi bus station belonging to the Hai Van bus station, which is very bad. The bus driver's attitude towards customers is to put the wrong seat for a …""]",4.3,bãi đỗ xe Đà Nẵng,Đà Nẵng
326,327,Bãi đỗ xe Nhà hát Trưng Vương,"Address: 369C+F8M, Hùng Vương, Hải Châu, Đà Nẵng 550000, Vietnam",16.0687196,108.2208033,[],2.0,bãi đỗ xe Đà Nẵng,Đà Nẵng
327,328,Bãi đỗ xe Nại Thịnh,"Address: 36QM+7RF, Nại Hiên Đông, Sơn Trà, Đà Nẵng 550000, Vietnam",16.0881846,108.2345397,[],,bãi đỗ xe Đà Nẵng,Đà Nẵng
328,329,Bãi đỗ xe Khuê Mỹ,"Address: 26FX+H39, Kiệt 42, Khuê Mỹ, Ngũ Hành Sơn, Đà Nẵng, Vietnam",16.023911,108.2477335,[],,bãi đỗ xe Đà Nẵng,Đà Nẵng
329,330,Bãi đỗ xe Hùng Vương,"Address: 3687+RQ5, Hùng Vương, Hải Châu, Đà Nẵng 550000, Vietnam",16.0670043,108.21447,[],,bãi đỗ xe Đà Nẵng,Đà Nẵng
330,331,Bãi xe Đức Dương,"Address: 305 Nguyễn Hữu Thọ, Hoà Cường Bắc, Hải Châu, Đà Nẵng 550000, Vietnam",16.0402222,108.2108079,[],,bãi đỗ xe Đà Nẵng,Đà Nẵng
331,332,NLT bãi xe,"Address: 3594+4J2, Nguyễn Sinh Sắc, Hoà Khánh Nam, Liên Chiểu, Đà Nẵng 550000, Vietnam",16.0677721,108.1565078,[],5.0,bãi đỗ xe Đà Nẵng,Đà Nẵng
332,333,bãi xe đồng khởi phát,"Address: X6R2+345, Hoà Châu, Hòa Vang, Đà Nẵng 550000, Vietnam",15.9901351,108.2003744,[],,bãi đỗ xe Đà Nẵng,Đà Nẵng
333,334,Bãi đỗ xe Bệnh viện,"Address: 27C2+X74, Khuê Mỹ, Ngũ Hành Sơn, Đà Nẵng, Vietnam",16.0223936,108.250703,[],,bãi đỗ xe Đà Nẵng,Đà Nẵng
334,335,Bãi giữ xe Cán bộ,"Address: 35F2+JWP, Hoà Khánh Bắc, Liên Chiểu, Đà Nẵng 550000, Vietnam",16.0740799,108.152313,"[""Garage for officials and teachers at Da Nang University of Science and Technology."", ""Safe parking location""]",4.2,bãi đỗ xe Đà Nẵng,Đà Nẵng
335,336,Bãi đỗ xe Premier Resort,"Address: 26RX+HM8, Hồ Xuân Hương, Ngũ Hành Sơn, Đà Nẵng 550000, Vietnam",16.041411,108.2491979,"[""It’s a nice place. My whole family has been wanting to relax there for a long time. I think there is something to do for children and adults.""]",5.0,bãi đỗ xe Đà Nẵng,Đà Nẵng
336,337,Bãi Xe Quốc Đạt,"Address: Bắc Sơn, Hoà An, Cẩm Lệ, Đà Nẵng, Vietnam",16.0414603,108.1772681,"[""People and rows sit together. Very bad. Called the switchboard to report that the phone was hung up. The bus is booked at 12:30 and will not run until 2:00. Lack of professionalism and contempt for customers."", ""- The bus was late: booked at 7pm but the bus didn't leave until 7:15pm\n- The bed was ok, spacious, clean but the reading light was broken, when the bus was running I could hear the glass creaking. …""]",1.5,bãi đỗ xe Đà Nẵng,Đà Nẵng
337,338,Nhà giữ xe máy ga quốc tế,"Address: 3653+F8J, Đ. Nguyễn Văn Linh, Hòa Thuận Tây, Hải Châu, Đà Nẵng 550000, Vietnam",16.0585101,108.2035146,"[""The good places often charge high parking fees, but here it's dirt cheap, the staff are friendly, approachable, and lovely, 10 points is no exception."", ""The garage is big, but it's a bit hard to find 😢 …"", ""Parking space is spacious and airy""]",4.3,bãi đỗ xe Đà Nẵng,Đà Nẵng
338,339,Bãi Giữ Xe Ô Tô,"Address: 66 Hoàng Văn Thái, Hoà Minh, Liên Chiểu, Đà Nẵng 550000, Vietnam",16.0553817,108.1632972,[],5.0,bãi đỗ xe Đà Nẵng,Đà Nẵng
339,340,Bãi đỗ xe Sao Biển,"Address: 26WX+PM3, Võ Nguyên Giáp, Bắc Mỹ An, Ngũ Hành Sơn, Đà Nẵng 550000, Vietnam",16.0467572,108.2491647,[],,bãi đỗ xe Đà Nẵng,Đà Nẵng
340,341,Bãi đỗ xe Container,"Address: 26G9+GMH, Cách Mạng Tháng 8, Hoà Cường Nam, Hải Châu, Đà Nẵng, Vietnam",16.0263156,108.2192494,"[""Large parking lot, comfortable for container trucks. Currently there is a circus operating here. This entertainment is mainly for children, but the air is always dusty because container trucks come in and out frequently, so dirt and sand …""]",4.0,bãi đỗ xe Đà Nẵng,Đà Nẵng
341,342,Bãi đỗ xe,"Address: 257R+R49, Hoà Thọ Tây, Cẩm Lệ, Đà Nẵng 550000, Vietnam",16.0145295,108.1903553,[],,bãi đỗ xe Đà Nẵng,Đà Nẵng
342,343,Bãi đỗ xe ARIYANA,"Address: 107 Võ Nguyên Giáp, Bắc Mỹ An, Ngũ Hành Sơn, Đà Nẵng 550000, Vietnam",16.0351923,108.252083,[],,bãi đỗ xe Đà Nẵng,Đà Nẵng
343,344,Điểm Gửi Xe,"Address: 284 Hùng Vương, Hải Châu, Đà Nẵng 550000, Vietnam",16.0675856,108.2146968,[],5.0,bãi đỗ xe Đà Nẵng,Đà Nẵng
344,345,Bãi Đỗ . Xe Miễn Phí,"Address: 472H+5JJ, Hoàng Sa, Thọ Quang, Sơn Trà, Đà Nẵng, Vietnam",16.1002463,108.2791887,[],,bãi đỗ xe Đà Nẵng,Đà Nẵng
345,346,Bãi đỗ Xe máy,"Address: 472H+5G7, Chùa Linh Ứng, Sơn Trà, Đà Nẵng, Vietnam",16.1004129,108.2787918,[],,bãi đỗ xe Đà Nẵng,Đà Nẵng
346,347,Bãi Giữ Xe,"Address: 7 Đống Đa, Thuận Phước, Hải Châu, Đà Nẵng 550000, Vietnam",16.0823002,108.2210022,[],,bãi đỗ xe Đà Nẵng,Đà Nẵng
347,348,Bãi Giữ Xe Night Club - Cổng Phụ,"Address: 171 Nguyễn Chí Thanh, Hải Châu, Đà Nẵng 550000, Vietnam",16.071058,108.2211202,[],,bãi đỗ xe Đà Nẵng,Đà Nẵng
348,349,Bãi xe số 5,"Address: 5/Lô 3 Hồng Phước 3, KCN, Hòa Vang, Đà Nẵng, Vietnam",16.0896388,108.1217293,[],5.0,bãi đỗ xe Đà Nẵng,Đà Nẵng
349,350,Bãi đỗ xe phía bắc Tượng đài,"Address: 528 Đ. 2 Tháng 9, Hoà Cường Bắc, Hải Châu, Đà Nẵng 550000, Vietnam",16.0430624,108.2237364,[],,bãi đỗ xe Đà Nẵng,Đà Nẵng
350,351,Bãi đỗ xe Mân Quang,"Address: 36RR+MPR, Mân Thái, Sơn Trà, Đà Nẵng 550000, Vietnam",16.0917295,108.2417763,[],,bãi đỗ xe Đà Nẵng,Đà Nẵng
351,352,Bãi xe Khánh MINH,"Address: 24H9+624, AH1, Hoà Sơn, Hòa Vang, Đà Nẵng, Vietnam",16.0280068,108.1175863,[],3.0,bãi đỗ xe Đà Nẵng,Đà Nẵng
352,353,Bãi đỗ xe Euro Village 2,"Address: Giáng Hương 6, Euro Village 2, Hoà Xuân, Cẩm Lệ, Đà Nẵng, Vietnam",16.0249116,108.2293714,[],,bãi đỗ xe Đà Nẵng,Đà Nẵng
353,354,BÃI ĐỖ XE TẠM AN SƠN,"Address: Hòa Ninh, Hòa Vang, Da Nang, Vietnam",16.0318273,108.0607432,[],,bãi đỗ xe Đà Nẵng,Không xác định
354,355,Bãi Xe Trần Quý Cáp,"Address: 19 Trần Quý Cáp, Thạch Thang, Hải Châu, Đà Nẵng 550000, Vietnam",16.0811098,108.2211464,"[""The car is carefully covered. Reasonable price.""]",3.0,bãi đỗ xe Đà Nẵng,Đà Nẵng
355,356,Bãi đỗ xe Chơn Tâm,"Address: 3576+5GJ, Hoà Minh, Liên Chiểu, Đà Nẵng 550000, Vietnam",16.0629671,108.161252,[],,bãi đỗ xe Đà Nẵng,Đà Nẵng
356,357,Bãi đỗ xe Trịnh Đình Thảo,"Address: 26G6+432, Khuê Trung, Cẩm Lệ, Đà Nẵng 550000, Vietnam",16.0252703,108.2101279,[],,bãi đỗ xe Đà Nẵng,Đà Nẵng
357,358,Bãi đỗ xe Bình Kỳ,"Address: Đ. Bình Kỳ, Hoà Quý, Ngũ Hành Sơn, Đà Nẵng 550000, Vietnam",15.9949033,108.2401847,[],,bãi đỗ xe Đà Nẵng,Đà Nẵng
358,359,BÃI XE CẨM LỆ,"Address: 160 Trịnh Đình Thảo, Khuê Trung, Cẩm Lệ, Đà Nẵng 550000, Vietnam",16.0252464,108.2104407,[],5.0,bãi đỗ xe Đà Nẵng,Đà Nẵng
359,360,Bãi Giữ xe Emerald,"Address: 422 Đ. 2 Tháng 9, Hoà Cường Nam, Hải Châu, Đà Nẵng, Vietnam",16.0371261,108.2235857,[],,bãi đỗ xe Đà Nẵng,Đà Nẵng
360,361,Bãi đỗ xe Cổ Mân,"Address: 36QQ+6PC, Mân Thái, Sơn Trà, Đà Nẵng, Vietnam",16.0880657,108.2392754,[],,bãi đỗ xe Đà Nẵng,Đà Nẵng
361,362,Bãi giữ xe Số 1 Bách Khoa,"Address: 35F2+XCG, Hoà Khánh Bắc, Liên Chiểu, Đà Nẵng 550000, Vietnam",16.0749334,108.1510861,"[""1000vnd/1 ticket. Nothing to say anymore."", ""1k/ticket, quite cheap but the space is a bit small compared to needs""]",3.3,bãi đỗ xe Đà Nẵng,Đà Nẵng
362,363,Bến Xe Khách Đà Nẵng,"Address: 354F+C65, Hoà An, Cẩm Lệ, Đà Nẵng 550000, Vietnam",16.0560169,108.1730944,"[""28 Feb 2024\n\nI arrived here at 0630hrs in the morning The place was less crowded after …"", ""Hai van Pass company needs to update prices and not let the drivers decide the price depends of there mood."", ""Took Son Tung bus from Danang to Quy Nhon. Bus departs 9.45am at VND340,000.\n\nBus is great. With blanket, water, bird's nest drink and a bolster! Bus gave some general information announcement in English, on bus breaks etc.\nComfy enough.""]",4.4,bãi đỗ xe Đà Nẵng,Đà Nẵng
363,364,Parking Company Long Binh,"Address: 2668+9XC, Hoà Xuân, Cẩm Lệ, Đà Nẵng 550000, Vietnam",16.0109369,108.2173776,"[""Invested a lot here but could not exploit it. It's really such a waste"", ""Nothing interesting"", ""Very convenient location""]",3.9,bãi đỗ xe Đà Nẵng,Đà Nẵng
364,365,Bãi xe Nhật Mỹ,"Address: 38 Đ. Hoà An 19, Hoà An, Cẩm Lệ, Đà Nẵng 550000, Vietnam",16.0466232,108.1801779,"[""312. Bac Son. Hoa An ward. Cam Le district. City. Da Nang""]",5.0,bãi đỗ xe Đà Nẵng,Đà Nẵng
365,366,Bãi đỗ xe Xóm Đồng,"Address: 26CR+FMC, Chương D., Khuê Mỹ, Ngũ Hành Sơn, Đà Nẵng, Vietnam",16.0211812,108.2416452,[],,bãi đỗ xe Đà Nẵng,Đà Nẵng
366,367,Bãi đỗ xe P&R,"Address: 111 Bùi Dương Lịch, Nại Hiên Đông, Sơn Trà, Đà Nẵng 550000, Vietnam",16.0895972,108.2322771,"[""This bus station connects the suburbs with the inner city. TMF is Toyota Mobility Foundation, sponsor of the TMF bus route. The tmf bus line is a project to improve the urban transport corridor of Da Nang city, aiming to strengthen the …"", ""This is a new, beautiful, modern city bus."", ""Nice location, convenient to travel""]",5.0,bãi đỗ xe Đà Nẵng,Đà Nẵng
367,368,Bãi đỗ xe Cẩm Bắc,"Address: 258X+G3F, Hòa Thọ Đông, Cẩm Lệ, Đà Nẵng 550000, Vietnam",16.0163077,108.1976804,[],,bãi đỗ xe Đà Nẵng,Đà Nẵng
368,369,Bãi sang xe TOA đà nẵng,"Address: 555C Trường Chinh, Hòa Thuận Tây, Hải Châu, Đà Nẵng 550000, Vietnam",16.0275212,108.1904948,[],,bãi đỗ xe Đà Nẵng,Đà Nẵng
369,370,Bãi đỗ xe Phạm Hữu Nhật,"Address: 2746+MGP, Phạm Hữu Nhật, Hoà Hải, Ngũ Hành Sơn, Đà Nẵng 550000, Vietnam",16.0067086,108.2613138,[],,bãi đỗ xe Đà Nẵng,Đà Nẵng
370,371,Bãi Giữ Xe Phía Nam Chợ Bắc Mỹ An,"Address: Bắc Mỹ An, Ngũ Hành Sơn, Da Nang 550000, Vietnam",16.0413639,108.2425622,"[""Keep a good car and get a fast car.""]",4.0,bãi đỗ xe Đà Nẵng,Không xác định
371,372,Bãi đỗ xe máy công dân,"Address: 5 Lý Tự Trọng, Thạch Thang, Hải Châu, Đà Nẵng 550000, Vietnam",16.0773676,108.2216356,[],,bãi đỗ xe Đà Nẵng,Đà Nẵng
372,373,Bãi giữ xe HVT,"Address: 36R9+6FQ, Thuận Phước, Hải Châu, Đà Nẵng 550000, Vietnam",16.0905888,108.218723,[],3.0,bãi đỗ xe Đà Nẵng,Đà Nẵng
373,374,BÃI ĐỖ XE CẨM LỆ,"Address: 2696+7J2, Khuê Trung, Cẩm Lệ, Đà Nẵng 550000, Vietnam",16.0181417,108.2115017,[],,bãi đỗ xe Đà Nẵng,Đà Nẵng
374,375,Bãi đậu đỗ xe ôtô rửa và chăm sóc xe ôtô xe máy kiếm vận chuyển hàng và cho thuê kho,"Address: 389 Trường Chinh, An Khê, Thanh Khê, Đà Nẵng, Vietnam",16.0385622,108.18697,[],3.0,bãi đỗ xe Đà Nẵng,Đà Nẵng
375,376,Bãi đỗ xe Phong Bắc,"Address: 253W+W8Q, Hòa Thọ Đông, Cẩm Lệ, Đà Nẵng 550000, Vietnam",16.0048368,108.1958736,[],,bãi đỗ xe Đà Nẵng,Đà Nẵng
376,377,Bãi xe Việt C,"Address: 404 Cách Mạng Tháng 8, Hòa Thọ Đông, Cẩm Lệ, Đà Nẵng 550000, Vietnam",16.0140941,108.1979272,[],5.0,bãi đỗ xe Đà Nẵng,Đà Nẵng
377,378,Trạm xe buýt Đà Nẵng Hội An,"Address: 40 Đ. Lê Văn Hiến, Khuê Mỹ, Ngũ Hành Sơn, Đà Nẵng, Vietnam",16.0368737,108.2437098,"[""Good and spacious. Fun atmosphere""]",5.0,bãi đỗ xe Đà Nẵng,Đà Nẵng
378,379,BÃI GIỮ XE TRUNG TÂM CHỢ BẮC MỸ AN,"Address: Nguyễn Bá Lân, Bắc Mỹ An, Ngũ Hành Sơn, Đà Nẵng 02363, Vietnam",16.0416382,108.2419778,[],,bãi đỗ xe Đà Nẵng,Đà Nẵng
379,380,Bãi giữ xe Huy Thông Phát,"Address: Ngã 4 Phạm Huy Thông, Bùi Huy Bích, Nại Hiên Đông, Sơn Trà, Đà Nẵng 550000, Vietnam",16.0912604,108.2297151,"[""Public parking lot with manager, but no roof"", ""Large parking lot, with camera surveillance system. Safe"", ""Large, safe parking lot with a handsome Owner""]",4.7,bãi đỗ xe Đà Nẵng,Đà Nẵng
380,381,Bãi đỗ ô tô,"Address: 36PM+FX9, An Hải, Sơn Trà, Đà Nẵng 550000, Vietnam",16.0861509,108.2349963,[],,bãi đỗ xe Đà Nẵng,Đà Nẵng
381,382,Bãi HC,"Address: 255H+4RW, Đường số 8, Hoà Thọ Tây, Cẩm Lệ, Đà Nẵng, Vietnam",16.007867,108.179577,[],5.0,bãi đỗ xe Đà Nẵng,Đà Nẵng
382,383,Nhà Giữ Xe,"Address: 6 Phước Mỹ 3, Phước Mỹ, Sơn Trà, Đà Nẵng 550000, Vietnam",16.0667401,108.2419778,[],5.0,bãi đỗ xe Đà Nẵng,Đà Nẵng
383,384,DEPOT TAXI XANHSM ĐÀ NẴNG,"Address: 23 Trường Sa, Hoà Hải, Ngũ Hành Sơn, Đà Nẵng 550000, Vietnam",15.9942006,108.2684022,[],5.0,bãi đỗ xe Đà Nẵng,Đà Nẵng
384,385,Bãi đỗ xe Bùi Tá Hán,"Address: 26JV+9F6, Bùi Tá Hán, Khuê Mỹ, Ngũ Hành Sơn, Đà Nẵng, Vietnam",16.0309137,108.2436387,[],,bãi đỗ xe Đà Nẵng,Đà Nẵng
385,386,Bãi xe Hưng Quyên,"Address: Trần Đình Nam, Hoà An, Cẩm Lệ, Đà Nẵng, Vietnam",16.0442507,108.1776598,[],,bãi đỗ xe Đà Nẵng,Đà Nẵng
386,387,Bãi đậu xe Hoà Cầm Zone,"Address: 255M+994, Đ. số 9, Hoà Thọ Tây, Cẩm Lệ, Đà Nẵng, Vietnam",16.008716,108.183815,[],,bãi đỗ xe Đà Nẵng,Đà Nẵng
387,388,Da Nang Airport Motorbike Parking,"Address: 3623+GMW, Đ. Nguyễn Văn Linh, Hòa Thuận Nam, Hải Châu, Đà Nẵng 550000, Vietnam",16.0513632,108.2042066,"[""Bike was safe and cost is cheap.""]",4.8,parking Đà Nẵng,Đà Nẵng
388,389,Bãi xe 209 Trường Chinh da nang,"Address: 209, Trường Chinh, Phường Hòa An, Quận Cẩm Lệ, Thanh Khê Đông, Thanh Khê, Đà Nẵng 550000, Vietnam",16.0537696,108.1817782,"[""Parking lot 209 Truong Chinh, Da Nang"", ""The parking lot is ruined 🤭 in the rainy season you definitely can't go, in the summer the dust is over your head …"", ""Hanoi car park to Danang""]",4.1,parking Đà Nẵng,Đà Nẵng
389,390,Bãi xe Phan Văn,"Address: Nguyễn Xuân Khoát, An Hải Bắc, Sơn Trà, Đà Nẵng 550000, Vietnam",16.0694622,108.2391805,"[""Beautiful, clean, luxurious car, careful and enthusiastic driver, very good service. Thank you!"", ""Parking lot in convenient location"", ""Secure parking with camera""]",5.0,parking Đà Nẵng,Đà Nẵng
390,391,Trạm sạc Vinfast - Charging Station,"Address: 4 Đ. 29 Tháng 3, Hoà Xuân, Cẩm Lệ, Đà Nẵng 50000, Vietnam",16.024247,108.234452,"[""The charging station is large, spacious and clean, so you don't have to worry about not having a charging station when you arrive."", ""Vinfast charging station with many charging posts"", ""Lots of charging posts, 10 posts""]",5.0,parking Đà Nẵng,Đà Nẵng
391,392,Bến xe Sân bay Đà Nẵng,"Address: 46 Nguyễn Phi Khanh, Thạc Gián, Thanh Khê, Đà Nẵng 550000, Vietnam",16.056199,108.205639,"[""Phuong Trang bus station to Ba Na Hills is located right at the airport. The round trip to the airport to pick up passengers was also canceled. Anyone who arrives at the airport and wants to take a bus to Ba Na Hills must walk to the airport gate to get a bus, very inconvenient.""]",3.0,parking Đà Nẵng,Đà Nẵng
392,393,ハイチュー駐車場,"Address: Vietnam, Hải Châu, 124 Nguyen Chi Thanh StreetHai Chau 1 Ward, Hai Chau District",16.0683604,108.2206861,"[""Every time I park here, I feel very upset because I pay the parking fee, sometimes they charge 20k, sometimes 10k, but there is no fee ticket. People who are not wearing uniforms and face fraud arbitrarily collect fees and ask for a fee …""]",1.0,parking Đà Nẵng,Không xác định
393,394,Điểm giữ Xe máy & Ôtô,"Address: 180 Đ. Nguyễn Văn Linh, Thạc Gián, Thanh Khê, Đà Nẵng 550000, Vietnam",16.0600512,108.2103222,"[""This store is a bit expensive. For fans and light home appliances, we recommend other sources. Cuckoo rice cooker is for sale.""]",3.8,parking Đà Nẵng,Đà Nẵng
394,395,Thái Gia Phát Auto,"Address: 187A Lê Trọng Tấn, Hoà Phát, Cẩm Lệ, Đà Nẵng, Vietnam",16.0343399,108.1768718,[],5.0,parking Đà Nẵng,Đà Nẵng
395,396,Ban Nghĩa trang TP Đà Nẵng(CS 2),"Address: 86 Lê Đại Hành, Khuê Trung, Cẩm Lệ, Đà Nẵng 550000, Vietnam",16.0236052,108.2044023,[],,parking Đà Nẵng,Đà Nẵng
396,397,Garage Tiến Thành,"Address: 506 Núi Thành, Hoà Cường Nam, Hải Châu, Đà Nẵng, Vietnam",16.0345062,108.222471,[],4.0,parking Đà Nẵng,Đà Nẵng
397,398,Bãi đỗ xe Nguyễn Đức Thuận,"Address: 27C3+3GJ, Nguyễn Đức Thuận, Khuê Mỹ, Ngũ Hành Sơn, Đà Nẵng, Vietnam",16.0202087,108.2537661,"[""Large parking lot, 24/7 security, dusty and very hot.""]",4.0,parking Đà Nẵng,Đà Nẵng
398,399,Garage Đông Hải,"Address: 142 Bắc Sơn, Hoà An, Cẩm Lệ, Đà Nẵng 550000, Vietnam",16.0518193,108.1778181,[],,parking Đà Nẵng,Đà Nẵng
399,400,CÔNG TRÌNH,"Address: X6W5+C29, Hoà Châu, Hòa Vang, Đà Nẵng 550000, Vietnam",15.9960273,108.2076159,[],,parking Đà Nẵng,Đà Nẵng
400,401,Hoàng Anh,"Address: 117 Đồng Kè, Hoà Khánh Bắc, Liên Chiểu, Đà Nẵng 550000, Vietnam",16.0734267,108.1453579,[],5.0,parking Đà Nẵng,Đà Nẵng
401,402,K - Auto Đà Nẵng,"Address: 45 Đống Đa, Thuận Phước, Hải Châu, Đà Nẵng 550000, Vietnam",16.0816826,108.2195613,[],,parking Đà Nẵng,Đà Nẵng
402,403,Thắng Gara,"Address: 99 Bùi Hiển, Hoà An, Cẩm Lệ, Đà Nẵng, Vietnam",16.0439865,108.1800977,[],5.0,parking Đà Nẵng,Đà Nẵng
403,404,Dzung,"Address: 276 Ông Ích Khiêm, Hải Châu, Đà Nẵng 550000, Vietnam",16.0681925,108.2139026,[],,parking Đà Nẵng,Đà Nẵng
404,405,Trạm xe buýt,"Address: 296 Trưng Nữ Vương, Bình Thuận, Hải Châu, Đà Nẵng 550000, Vietnam",16.053204,108.218253,[],5.0,parking Đà Nẵng,Đà Nẵng
405,406,Anh Phương Auto,"Address: 4428+7MV, Nguyễn Tất Thành, Hoà Hiệp Nam, Liên Chiểu, Đà Nẵng, Vietnam",16.1007434,108.1166569,"[""Buy and sell reputable"", ""The owner is very nice.""]",5.0,parking Đà Nẵng,Đà Nẵng
406,407,Nhà ba lá,"Address: 368W+32H, Võ Nguyên Giáp, Phước Mỹ, Sơn Trà, Đà Nẵng 550000, Vietnam",16.0651808,108.245123,[],,parking Đà Nẵng,Đà Nẵng
407,408,87/29/10 Hoàng Minh Thảo,"Address: 87/29 Hoàng Văn Thái, Hoà Minh, Liên Chiểu, Đà Nẵng 550000, Vietnam",16.0536935,108.1588605,[],5.0,parking Đà Nẵng,Đà Nẵng
408,409,Cổng Chính Công Viên 29/3 - Bãi Giữ Xe,"Address: 25 Điện Biên Phủ, Thạc Gián, Thanh Khê, Đà Nẵng 550000, Vietnam",16.0657997,108.2059428,[],,parking Đà Nẵng,Đà Nẵng
409,410,Gara Trọng,"Address: 47 Nguyễn Huy Tưởng, Hoà Minh, Cẩm Lệ, Đà Nẵng 550000, Vietnam",16.0543432,108.1692754,[],5.0,parking Đà Nẵng,Đà Nẵng
410,411,Gara thủy lực Phúc,"Address: 245 Hoàng Văn Thái, Hoà Khánh Nam, Liên Chiểu, Đà Nẵng 550000, Vietnam",16.0518555,108.1522288,[],5.0,parking Đà Nẵng,Đà Nẵng
411,412,Gửi xe sân Tuyên Sơn,"Address: 26MG+PP3, Hòa Cường, Hải Châu, Đà Nẵng, Vietnam",16.0342681,108.2268092,[],,parking Đà Nẵng,Đà Nẵng
412,413,Linh vững,"Address: 3522+GFJ, Hoàng Văn Thái, Hoà Khánh Nam, Liên Chiểu, Đà Nẵng 550000, Vietnam",16.0513463,108.1511462,[],,parking Đà Nẵng,Đà Nẵng
413,414,Hợp Tác xã Logistics Đà Nẵng,"Address: 100 Võ Thành Vỹ, Hoà Châu, Hòa Vang, Đà Nẵng 550000, Vietnam",15.9933994,108.2029715,[],,parking Đà Nẵng,Đà Nẵng
414,415,Nhà Giữ Xe 302,"Address: 302 Hùng Vương, Thạc Gián, Thanh Khê, Đà Nẵng 550000, Vietnam",16.0672385,108.2136508,[],,parking Đà Nẵng,Đà Nẵng
415,416,Điểm cắt chìa khóa,"Address: 68-72 Lê Bá Trinh, Hoà Cường Bắc, Hải Châu, Đà Nẵng 550000, Vietnam",16.0434619,108.2178272,[],,parking Đà Nẵng,Đà Nẵng
416,417,Bãi Xe,"Address: 156 Nguyễn Thị Minh Khai, Hải Châu, Đà Nẵng 550000, Vietnam",16.0688226,108.2183142,[],,parking Đà Nẵng,Đà Nẵng
417,418,Bãi Xe Vũ Xuyên,"Address: 367Q+7R5, Chính Hữu, An Hải, Sơn Trà, Đà Nẵng 550000, Vietnam",16.063142,108.2396097,[],,parking Đà Nẵng,Đà Nẵng
418,419,Tiệm Giữ Xe Tân,"Address: 83 Hà Đặc, Phước Mỹ, Sơn Trà, Đà Nẵng 550000, Vietnam",16.0665224,108.2426597,[],,parking Đà Nẵng,Đà Nẵng
419,420,GARA HOÀNG THÔNG,"Address: 73-35 Lê Chân, An Hải Bắc, Sơn Trà, Đà Nẵng 550000, Vietnam",16.0872003,108.2351958,[],,parking Đà Nẵng,Đà Nẵng
420,421,Ngã ba Bạch Đằng,"Address: 26RG+35C, Bạch Đằng, Hoà Cường Bắc, Hải Châu, Đà Nẵng 550000, Vietnam",16.0401933,108.225386,[],,parking Đà Nẵng,Đà Nẵng
421,422,Nhân Vận Tải,"Address: 23 Hòa An 23, Hoà An, Cẩm Lệ, Đà Nẵng, Vietnam",16.0428892,108.177922,[],4.0,parking Đà Nẵng,Đà Nẵng
422,423,Ga Tàu Điện Cao tốc,"Address: Bà Nà - Suối Mơ, Hoà Sơn, Hòa Vang, Đà Nẵng, Vietnam",16.0313868,108.115758,[],5.0,parking Đà Nẵng,Đà Nẵng
423,424,Điểm Giữ Xe,"Address: 100 Núi Thành, Hòa Cường, Hải Châu, Đà Nẵng 550000, Vietnam",16.0484925,108.2208582,[],,parking Đà Nẵng,Đà Nẵng
424,425,Bãi giữ xe Quang Thái - biển Mỹ Khê,"Address: 02 Võ Văn Kiệt, Phước Mỹ, Sơn Trà, Đà Nẵng 550000, Vietnam",16.0641337,108.2452009,[],,parking Đà Nẵng,Đà Nẵng
425,426,Trần Phú Public Parking Area,"Address: 128E P. Nguyễn Đức Cảnh, Cát Dài, Lê Chân, Hải Phòng, Vietnam",20.8534544,106.6717501,"[""Recently, there has been a phenomenon of occupying public parking areas for private purposes, encroaching on sales, and parking is no longer as comfortable as in the beginning."", ""This place often has problems with lack of space and a lot of trash."", ""Spacious car parking lot in Hai Phong.""]",4.5,bãi đỗ xe Hải Phòng,Hải Phòng
426,427,Bãi đỗ xe cầu Thượng Lý,"Address: VM69+MCQ, Thượng Lý, Hồng Bàng, Hải Phòng, Vietnam",20.8617002,106.6685999,"[""Very close to Tan An Palace Hotel, convenient for everything"", ""Old car park, likely to be demolished, next to home imperial"", ""Located right at the foot of the cement bridge, convenient access""]",3.2,bãi đỗ xe Hải Phòng,Hải Phòng
427,428,Parking lot,"Address: VM2C+XC7, Cát Dài, Lê Chân, Hải Phòng, Vietnam",20.8524237,106.6710398,[],5.0,bãi đỗ xe Hải Phòng,Hải Phòng
428,429,Bãi đỗ xe công viên An Biên,"Address: 55 Lạch Tray, Ngô Quyền, Hải Phòng, Vietnam",20.8470923,106.6936294,"[""Lakeside park, City view, Building, exercise activities, experiences, photography, peace. . m"", ""Cool, airy, suitable for evening exercise""]",5.0,bãi đỗ xe Hải Phòng,Hải Phòng
429,430,Bãi Đỗ Xe,"Address: VM6C+M43, Cầu Thượng Lý, Hạ Lý, Hồng Bàng, Hải Phòng, Vietnam",20.8616255,106.6703045,[],5.0,bãi đỗ xe Hải Phòng,Hải Phòng
430,431,Parking Cat Bi Airport,"Address: RPFF+7QC, Đ. Lê Hồng Phong, Thành Tô, Hải An, Hải Phòng, Vietnam",20.8231813,106.7243859,"[""Nice domestic airport"", ""Nobody speaks English at an international airport! Good luck trying to convey anything!""]",4.3,bãi đỗ xe Hải Phòng,Hải Phòng
431,432,Bãi Đỗ Xe,"Address: 452 P Lê Thánh Tông, Má Chai, Ngô Quyền, Hải Phòng 180000, Vietnam",20.8644917,106.7120222,[],3.0,bãi đỗ xe Hải Phòng,Hải Phòng
432,433,Bãi Gửi Xe Thông Minh Đông Dương,"Address: 1A P. Đào Nhuận, Dư Hàng Kênh, Lê Chân, Hải Phòng, Vietnam",20.8327715,106.6843073,"[""Nice location, airy, good price""]",5.0,bãi đỗ xe Hải Phòng,Hải Phòng
433,434,Bãi đỗ xe Đại học Hàng Hải,"Address: 484 Lạch Tray, Đổng Quốc Bình, Lê Chân, Hải Phòng, Vietnam",20.837329,106.6938882,[],,bãi đỗ xe Hải Phòng,Hải Phòng
434,435,Bãi đỗ Xe 97 Bạch Đằng,"Address: 97 Bạch Đằng, Hạ Lý, Hồng Bàng, Hải Phòng, Vietnam",20.8618977,106.6734142,[],4.0,bãi đỗ xe Hải Phòng,Hải Phòng
435,436,Bãi xe Đại Đồng,"Address: 6 Đ. Đông Hải, Đông Hải 1, Hải An, Hải Phòng, Vietnam",20.8467138,106.7357917,[],5.0,bãi đỗ xe Hải Phòng,Hải Phòng
436,437,Bãi Xe Hải Phòng,"Address: Hùng Vương, Hồng Bàng, Hai Phong, Vietnam",20.868604,106.6399634,"[""Don't know this place.""]",4.1,bãi đỗ xe Hải Phòng,Không xác định
437,438,Bãi xe 86 Hải Phòng,"Address: 336 Đ. Hồng Bàng, Sở Dầu, Hồng Bàng, Hải Phòng, Vietnam",20.8687175,106.6565089,"[""The new parking lot is very convenient.""]",3.8,bãi đỗ xe Hải Phòng,Hải Phòng
438,439,Bãi Đỗ Xe Gầm Cầu An Đồng,"Address: An Đồng, Lam Sơn, Lê Chân, Hải Phòng, Vietnam",20.844058,106.6594232,[],2.0,bãi đỗ xe Hải Phòng,Hải Phòng
439,440,Bãi gửi xe ô tô,"Address: VP53+W55, Cầu Tre, Ngô Quyền, Hải Phòng, Vietnam",20.8597699,106.7029759,"[""The beach is large and covered, the entrance is a bit narrow""]",4.7,bãi đỗ xe Hải Phòng,Hải Phòng
440,441,Bãi đỗ xe dành cho khách VIP,"Address: RPCF+RH8, Thành Tô, Hải An, Hải Phòng, Vietnam",20.82204,106.723948,[],5.0,bãi đỗ xe Hải Phòng,Hải Phòng
441,442,Bãi đỗ xe nhà ông Diện,"Address: 81 P. Khúc Hạo, Vĩnh Khiệm, Lê Chân, Hải Phòng, Vietnam",20.824196,106.677642,[],,bãi đỗ xe Hải Phòng,Hải Phòng
442,443,Bãi xe Đông Bắc Hải,"Address: RQR3+4MW, Đ. Mạc Thái Tổ, KCN Đình Vũ, Hải An, Hải Phòng, Vietnam",20.8403672,106.7541991,"[""The beach is wide, flood-proof, and paved""]",4.9,bãi đỗ xe Hải Phòng,Hải Phòng
443,444,Bãi xe Hồng Phúc,"Address: RPXQ+737, Hạ Đoạn 2, Hải An, Hải Phòng, Vietnam",20.8481522,106.737679,[],,bãi đỗ xe Hải Phòng,Hải Phòng
444,445,Bãi xe TMI,"Address: RPWP+HCX, Đ. Đông Hải, Đông Hải 1, Hải An, Hải Phòng, Vietnam",20.8464783,106.7361224,[],4.7,bãi đỗ xe Hải Phòng,Hải Phòng
445,446,Bãi Gửi Xe 24h,"Address: 3 P. Đồng Thiện, Dư Hàng Kênh, Lê Chân, Hải Phòng, Vietnam",20.83347,106.6775,[],,bãi đỗ xe Hải Phòng,Hải Phòng
446,447,Bãi Trông Gửi Ô Tô - Xe Máy,"Address: 332 P. Vũ Chí Thắng, Vĩnh Niệm, Lê Chân, Hải Phòng, Vietnam",20.83887,106.6749,"[""Good price, easy to find""]",5.0,bãi đỗ xe Hải Phòng,Hải Phòng
447,448,Bãi gửi xe sân bay Cát Bi,"Address: 62 Đ. Lũng Đông, Đằng Hải, Hải An, Hải Phòng, Vietnam",20.8311347,106.7273677,"[""very secure when sending, has a very cool roof""]",5.0,bãi đỗ xe Hải Phòng,Hải Phòng
448,449,Bãi Giữ Xe Hoàng Phát,"Address: 331 Nguyễn Văn Linh, Dư Hàng Kênh, Lê Chân, Hải Phòng, Vietnam",20.83485,106.6849,[],,bãi đỗ xe Hải Phòng,Hải Phòng
449,450,Car parking at,"Address: RPJ2+7R7, An Khê, Đằng Lâm, Hải An, Hải Phòng, Vietnam",20.8306622,106.7020538,"[""Enough sunshine and flowers will bloom 👌 …""]",5.0,bãi đỗ xe Hải Phòng,Hải Phòng
450,451,BÃI GỬI XE THÔNG MINH 24H BEES SMART PARKING,"Address: 239 Nguyễn Văn Linh, Dư Hàng Kênh, Lê Chân, Hải Phòng 04000, Vietnam",20.8371794,106.6889053,[],5.0,bãi đỗ xe Hải Phòng,Hải Phòng
451,452,Bãi Để xe container,"Address: 65 đường 5 mới, Hùng Vương, Hồng Bàng, Hải Phòng, Vietnam",20.8672513,106.6404522,"[""HP Transport Trading Joint Stock Company""]",5.0,bãi đỗ xe Hải Phòng,Hải Phòng
452,453,Bãi gửi xe nhà ông Vận,"Address: 82 Vĩnh Cát, Vĩnh Niệm, Lê Chân, Hải Phòng, Vietnam",20.8256792,106.6784232,"[""Spacious, easy-going and careful owner""]",5.0,bãi đỗ xe Hải Phòng,Hải Phòng
453,454,Chỗ đỗ xe,"Address: 498 P. Đà Nẵng, Đông Hải 1, Hải An, Hải Phòng, Vietnam",20.8600943,106.7208891,[],5.0,bãi đỗ xe Hải Phòng,Đà Nẵng
454,455,Bãi Xe Cty Chung Đức,"Address: RPJW+57V, Nam Hải, Hải An, Hải Phòng, Vietnam",20.8304822,106.7456857,[],5.0,bãi đỗ xe Hải Phòng,Hải Phòng
455,456,Bãi Giữ Xe 24/24,"Address: 30 Đông An, Thành Tô, Hải An, Hải Phòng, Vietnam",20.8267011,106.7138368,[],5.0,bãi đỗ xe Hải Phòng,Hải Phòng
456,457,Bãi xe petajico Hải phòng,"Address: 21 Đ. Hùng Vương, Sở Dầu, Hồng Bàng, Hải Phòng, Vietnam",20.872991,106.653144,[],,bãi đỗ xe Hải Phòng,Hải Phòng
457,458,BÃI XE HẢI DUNG,"Address: Nam Hải, Hải An, Hai Phong, Vietnam",20.8345582,106.7446137,[],,bãi đỗ xe Hải Phòng,Không xác định
458,459,Bãi giữ xe Minh Tâm,"Address: VP43+329, Đ. Lê Hồng Phong, Đông Khê, Ngô Quyền, Hải Phòng, Vietnam",20.8551629,106.7026217,"[""Covered, clean, safe""]",5.0,bãi đỗ xe Hải Phòng,Hải Phòng
459,460,Bãi gửi xe 24H,"Address: 250 Hoàng Công Khanh, Quán Trữ, Kiến An, Hải Phòng, Vietnam",20.8398409,106.6570498,[],4.0,bãi đỗ xe Hải Phòng,Hải Phòng
460,461,bãi gửi xe Vườn Hồng,"Address: 197 P. Lũng Bắc, Đằng Hải, Hải An, Hải Phòng, Vietnam",20.8454153,106.7221079,[],,bãi đỗ xe Hải Phòng,Hải Phòng
461,462,Bến xe Thượng Lý,"Address: 52 Đường Hà Nội, Sở Dầu, Hồng Bàng, Hải Phòng, Vietnam",20.8682478,106.6568264,"[""It is not big and rather far from city center. There is rout to Hanoi city with the price of 150.000vnd/ person, they also take you from home. But it is not convenient to get the taxi here. There are many guy supply unofficial taxi service with the very high price than company do.""]",4.4,bãi đỗ xe Hải Phòng,Hà Nội
462,463,Dịch Vụ Trông Xe,"Address: RMRM+8HH, Hàng Kênh, Lê Chân, Hải Phòng 180000, Vietnam",20.8408028,106.683975,[],5.0,bãi đỗ xe Hải Phòng,Hải Phòng
463,464,Bãi Giữ Xe Ô Tô,"Address: 55 P. Trần Quang Khải, Quang Trung, Hồng Bàng, Hải Phòng, Vietnam",20.860055,106.6800731,"[""Spacious but without roof""]",3.0,bãi đỗ xe Hải Phòng,Hải Phòng
464,465,Đối Diện Bãi Đỗ Xe KĐT Ngã 5 Sân Bay Cát Bi,"Address: Đằng Hải, Hải An, Hai Phong, Vietnam",20.844276,106.71025,[],5.0,bãi đỗ xe Hải Phòng,Không xác định
465,466,Bãi Gửi Xe - Rửa Xe Và Chăm Sóc Xe Hơi Hk-24h,"Address: 43 P. Bùi Thị Từ Nhiên, Đông Hải 1, Hải An, Hải Phòng, Vietnam",20.85689,106.7224,[],3.0,bãi đỗ xe Hải Phòng,Hải Phòng
466,467,Bãi giữ xe ô tô,"Address: 22a Thư Trung, Đằng Lâm, Hải An, Hải Phòng, Vietnam",20.8319615,106.7055606,[],,bãi đỗ xe Hải Phòng,Hải Phòng
467,468,Bãi gửi xe Hoàng Phúc Petro,"Address: RQQ4+Q35, Đ. Mạc Thái Tổ, KCN Đình Vũ, Hải An, Hải Phòng, Vietnam",20.8393758,106.7552363,[],,bãi đỗ xe Hải Phòng,Hải Phòng
468,469,Trông Xe 24/24,"Address: RMQF+GWX, Vĩnh Niệm, Lê Chân, Hải Phòng 180000, Vietnam",20.838856,106.674873,[],3.0,bãi đỗ xe Hải Phòng,Hải Phòng
469,470,Bãi giữ xe Đền Bà Chúa Năm Phương,"Address: 346 Nguyễn Bỉnh Khiêm, Đằng Giang, Ngô Quyền, Hải Phòng, Vietnam",20.8413322,106.7039668,[],,bãi đỗ xe Hải Phòng,Hải Phòng
470,471,Bãi Hương An Phát,"Address: VP4G+XWG, Unnamed Road, Đông Hải 1, Hải An, Hải Phòng, Vietnam",20.8574481,106.7273153,"[""Cool, clean and beautiful. Handsome director.""]",5.0,bãi đỗ xe Hải Phòng,Hải Phòng
471,472,Bãi xe Kiều Sơn,"Address: 189 Cống Kiều Sơn, Đằng Lâm, Hải An, Hải Phòng, Vietnam",20.8426799,106.7071453,[],,bãi đỗ xe Hải Phòng,Hải Phòng
472,473,Bãi Gửi Xe,"Address: ngõ số 647, Hùng Vương, Hồng Bàng, Hải Phòng, Vietnam",20.8766696,106.6379859,[],,bãi đỗ xe Hải Phòng,Hải Phòng
473,474,Cổng A AEON MALL Hải Phòng Lê Chân,"Address: RMMJ+942, Dư Hàng Kênh, Hải Phòng, Vietnam",20.8333875,106.6802656,[],,bãi đỗ xe Hải Phòng,Hải Phòng
474,475,Bãi Gửi Xe Oto Thanh Ngọc,"Address: 534 P. Thiên Lôi, Vĩnh Niệm, Lê Chân, Hải Phòng, Vietnam",20.829073,106.6786999,[],5.0,bãi đỗ xe Hải Phòng,Hải Phòng
475,476,Bãi gửi xe Tư Lợi,"Address: 155 Cát Linh, Tràng Cát, Hải An, Hải Phòng, Vietnam",20.8136617,106.7419515,[],5.0,bãi đỗ xe Hải Phòng,Hải Phòng
476,477,Bãi Gửi Xe Oto Ngọc Thanh,"Address: 26 P. Khúc Thừa Dụ, Vĩnh Niệm, Lê Chân, Hải Phòng, Vietnam",20.8299922,106.6774837,[],,bãi đỗ xe Hải Phòng,Hải Phòng
477,478,Hải phòng xe,"Address: VM74+53X, Sở Dầu, Hồng Bàng, Hải Phòng, Vietnam",20.8629937,106.6552242,[],,bãi đỗ xe Hải Phòng,Hải Phòng
478,479,Taxi đất cảng 3828282,"Address: 61 Phạm Văn Đồng, Anh Dũng, Dương Kinh, Hải Phòng, Vietnam",20.8195507,106.6975821,[],4.0,bãi đỗ xe Hải Phòng,Hải Phòng
479,480,Cổng B AEON MALL Hải Phòng Lê Chân,"Address: RMMJ+8FR, Dư Hàng Kênh, Lê Chân, Hải Phòng, Vietnam",20.8333946,106.6811105,[],,bãi đỗ xe Hải Phòng,Hải Phòng
480,481,Điểm Đỗ Xe Buýt Sân Bay Cát Bi,"Address: Đằng Lâm, Hải An, Hai Phong, Vietnam",20.824999,106.726617,[],4.6,bãi đỗ xe Hải Phòng,Không xác định
481,482,Bãi Đỗ Xe Thành Trang,"Address: RQR4+PF8, Đ. Mạc Thái Tổ, KCN Đình Vũ, Hải An, Hải Phòng, Vietnam",20.841781,106.7562053,[],,bãi đỗ xe Hải Phòng,Hải Phòng
482,483,Lái xe đưa đón phục vụ cưới hỏi chọn gói Khánh Hà,"Address: Bãi Bóng, Thủy Nguyên, Hai Phong, Vietnam",20.8908798,106.6615529,[],,bãi đỗ xe Hải Phòng,Không xác định
483,484,BÃI GỬI XE NĂM SAO,"Address: RQR3+XMW, ĐT356, Đông Hải 2, Hải An, Hải Phòng, Vietnam",20.8424788,106.7541983,[],,bãi đỗ xe Hải Phòng,Hải Phòng
484,485,Ban Quản Lý Nghĩa Trang Ninh Hải Bãi Đỗ Xe,"Address: RP43+5J9, ĐT353, Anh Dũng, Dương Kinh, Hải Phòng, Vietnam",20.8071504,106.7040881,"[""A convenient shopping place for Accessories - Cosmetics - Household items - Stationery - Toys at the SAME PRICE of 25k""]",4.7,bãi đỗ xe Hải Phòng,Hải Phòng
485,486,Bãi Xe Mạnh Dũng LOGISTICS,"Address: Đông Hải 2, Hải An, Hai Phong, Vietnam",20.8385804,106.7554321,[],5.0,bãi đỗ xe Hải Phòng,Không xác định
486,487,Gara oto Quang Điện,"Address: 748a Nguyễn Văn Linh, Niệm Nghĩa, Lê Chân, Hải Phòng, Vietnam",20.842689,106.6606868,[],5.0,bãi đỗ xe Hải Phòng,Hải Phòng
487,488,Trông Giữ Xe Ô Tô 24/7 Mạnh Hoàng,"Address: 718 Nguyễn Văn Linh, Niệm Nghĩa, Lê Chân, Hải Phòng, Vietnam",20.8400459,106.6639301,[],5.0,bãi đỗ xe Hải Phòng,Hải Phòng
488,489,Bãi 5 Sao,"Address: VP4G+PF6, Unnamed Road, Đông Hải 1, Hải An, Hải Phòng, Vietnam",20.8567813,106.7261324,[],1.0,bãi đỗ xe Hải Phòng,Hải Phòng
489,490,Văn Khánh cho gửi ô tô,"Address: Tổ 6, An Dương, Hai Phong 35000, Vietnam",20.8657828,106.617741,[],5.0,bãi đỗ xe Hải Phòng,Không xác định
490,491,Nhà văn hóa Trại Lẻ,"Address: 91 P. Trại Lẻ, Kênh Dương, Lê Chân, Hải Phòng, Vietnam",20.8322148,106.6858444,"[""The road is leisurely, motorbike traffic is good and safe, good order and security, overall, 5,5,5,""]",4.3,bãi đỗ xe Hải Phòng,Hải Phòng
491,492,Kho trung tâm Deep C II,"Address: VM7Q+PR7, Khu công nghiệp Deep C, Ngô Quyền, Hải Phòng, Vietnam",20.864277,106.6895547,[],5.0,bãi đỗ xe Hải Phòng,Hải Phòng
492,493,MỐC ĐO NGUYEN VAN LINH,"Address: 571 QL5, Dư Hàng Kênh, Lê Chân, Hải Phòng, Vietnam",20.834294,106.6788279,[],5.0,bãi đỗ xe Hải Phòng,Hải Phòng
493,494,Bãi xe Anh Huy - Đất Cảng,"Address: VMF7+G6G, Unnamed Road, Sở Dầu, Hồng Bàng, Hải Phòng, Vietnam",20.8738154,106.6630686,[],,bãi đỗ xe Hải Phòng,Hải Phòng
494,495,Acis,"Address: 28 P. Nguyễn Bình, Dư Hàng Kênh, Ngô Quyền, Hải Phòng, Vietnam",20.8371107,106.6909965,"[""Car parking around""]",3.0,bãi đỗ xe Hải Phòng,Hải Phòng
495,496,Bến xe khách Niệm Nghĩa,"Address: P. Trần Nguyên Hãn, Niệm Nghĩa, Hải Phòng, Vietnam",20.841983,106.668002,"[""I had to change my rating of this place, I asked for a bus ticket to Ha Long, they sold me a ticket to Ha Dong in Hanoi 170km away, they rushed me with the driver so I didnt have time to check anything. By the time I got to Hanoi and now …"", ""It's was fine for my first experience"", ""All busses to for example Tam Coc, Ninh Binh, Hanoi, Hue, Da Nang. But  stinky smelly toilets.""]",3.9,bãi đỗ xe Hải Phòng,Hải Phòng
496,497,Trạm xe đạp công cộng TNGo UBND phường Hoàng Văn Thụ Hải Phòng,"Address: 9 P. Trần Hưng Đạo, Hoàng Văn Thụ, Hồng Bàng, Hải Phòng, Vietnam",20.8582775,106.6849941,[],5.0,bãi đỗ xe Hải Phòng,Hải Phòng
497,498,Khu đỗ xe,"Address: VMF2+22V, Sở Dầu, Hồng Bàng, Hải Phòng, Vietnam",20.8726241,106.6500538,[],,bãi đỗ xe Hải Phòng,Hải Phòng
498,499,Bãi Gửi Xe Ô Tô 24/24H,"Address: RMM6+5HX, Mạc Thiên Phúc, Quán Trữ, Kiến An, Hải Phòng, Vietnam",20.833,106.6615,[],,bãi đỗ xe Hải Phòng,Hải Phòng
499,500,Kho Cát Vận,"Address: 38 Đường K9, Đông Hải 1, Hải An, Hải Phòng, Vietnam",20.8491135,106.7428,"[""Very large and majestic"", ""Wide and fast working""]",3.8,bãi đỗ xe Hải Phòng,Hải Phòng
500,501,Trạm xe đạp công cộng TNGo Nhà hát lớn thành phố Hải Phòng,"Address: 51 P. Trần Phú, Cầu Đất, Hồng Bàng, Hải Phòng, Vietnam",20.8563354,106.6824886,"[""Hai Phong is no beating around the bush. There are always fancy public bicycles.""]",5.0,bãi đỗ xe Hải Phòng,Hải Phòng
501,502,Công ty TNHH TM DV Thiên Phúc - Bãi gửi xe Thiên Phúc,"Address: 146 ĐT356, Đông Hải 1, Hải An, Hải Phòng, Vietnam",20.8505202,106.7353327,[],5.0,bãi đỗ xe Hải Phòng,Hải Phòng
502,503,Bến xe Vĩnh Niệm,"Address: RMCF+XRH Bus Station, Vĩnh Niệm, Lê Chân, Hải Phòng, Vietnam",20.8224417,106.674596,"[""Easy access for bus riding experience"", ""Clean. Many routes for you to choose from 👍 …""]",4.2,bãi đỗ xe Hải Phòng,Hải Phòng
503,504,Kho Giữ Xe Vi Phạm,"Address: VJ5V+6FF, An Đông, An Dương, Hải Phòng, Vietnam",20.8580612,106.6436778,[],5.0,bãi đỗ xe Hải Phòng,Hải Phòng
504,505,Ha Binh Auto,"Address: VMVF+X4M, ĐT359, Tân Dương, Thủy Nguyên, Hải Phòng, Vietnam",20.894955,106.6728124,"[""very professional and reputable""]",5.0,bãi đỗ xe Hải Phòng,Hải Phòng
505,506,Parking,"Address: 195 P. Văn Cao, Đằng Giang, Ngô Quyền, Hải Phòng, Vietnam",20.8356737,106.7014829,[],,bãi đỗ xe Hải Phòng,Hải Phòng
506,507,Điểm Giữ Xe Ô Tô,"Address: 52B, Đường Hồ Sen, Quận Lê Chân, Dư Hàng, Lê Chân, Hải Phòng, Vietnam",20.8430456,106.6805106,[],,bãi đỗ xe Hải Phòng,Hải Phòng
507,508,Hải Ninh,"Address: RMJG+JC4, Đ. máng nước, Vĩnh Niệm, Lê Chân, Hải Phòng, Vietnam",20.8315232,106.6760686,[],5.0,bãi đỗ xe Hải Phòng,Hải Phòng
508,509,May xúc đào hatuna,"Address: VJH9+QG6, Unnamed, Road, An Dương, Hải Phòng, Vietnam",20.880392,106.618831,[],5.0,bãi đỗ xe Hải Phòng,Hải Phòng
509,510,Công ty cổ phần Dịch vụ kỹ thuật Cảng Hải Phòng,"Address: 1 P Lê Thánh Tông, Máy Tơ, Ngô Quyền, Hải Phòng, Vietnam",20.867986,106.697245,[],,bãi đỗ xe Hải Phòng,Hải Phòng
510,511,Bãi xe Đăng Kinh Công ty TNHH Phương Anb,"Address: 4 Đ Đặng Kinh, Nam Hải, Hải An, Hải Phòng, Vietnam",20.838641,106.746323,[],,bãi đỗ xe Hải Phòng,Hải Phòng
511,512,Cơ Sở Trông Xe Đức Thiện,"Address: Khu Dân Cư, Phú Hải, Anh Dũng, Dương Kinh, Hải Phòng, Vietnam",20.8200868,106.6982042,[],3.0,bãi đỗ xe Hải Phòng,Hải Phòng
512,513,Phế liệu Chính Sắt,"Address: RJQF+6G2, Hồng Thái, An Dương, Hải Phòng, Vietnam",20.8380143,106.6237592,[],5.0,bãi đỗ xe Hải Phòng,Hải Phòng
513,514,nhungkem,"Address: trại lẻ hải phòng, Haiphong City, Vietnam",20.8331145,106.6857202,[],,bãi đỗ xe Hải Phòng,Hải Phòng
514,515,Bãi Giữ Xe Ô Tô Thanh Thủy,"Address: 136 P. Bùi Thị Từ Nhiên, Đông Hải 1, Hải An, Hải Phòng, Vietnam",20.856937,106.7225218,[],,bãi đỗ xe Hải Phòng,Hải Phòng
515,516,Đỗ xe Tủ Nhà Miu,"Address: VP54+R5Q, Cầu Tre, Ngô Quyền, Hải Phòng, Vietnam",20.8595976,106.7054985,[],,bãi đỗ xe Hải Phòng,Hải Phòng
516,517,Công ty may Đại Việt,"Address: Ngõ 84 Đ. Dân Lập, Đông Hải, Lê Chân, Hải Phòng, Vietnam",20.8400811,106.6873862,"[""Spacious car parking""]",5.0,bãi đỗ xe Hải Phòng,Hải Phòng
517,518,Xe tiện chuyến hải phòng hà nội quảng ninh,"Address: 10 P. Hồ Sen, Trại Cau, Lê Chân, Hải Phòng 05000, Vietnam",20.8481374,106.6811861,"[""Reasonable prices, great service"", ""Nice car - polite driver - good service""]",4.6,bãi đỗ xe Hải Phòng,Hải Phòng
518,519,Xưởng Trà,"Address: RPVX+FVG, ĐT356, Đông Hải 1, Hải An, Hải Phòng, Vietnam",20.8456472,106.7486452,[],,bãi đỗ xe Hải Phòng,Hải Phòng
519,520,Bến xe Vĩnh Niệm,"Address: 18 Đ. Bùi Viện, Vĩnh Niệm, Lê Chân, Hải Phòng, Vietnam",20.8224267,106.6745813,"[""The worst company I ever used! The pick up bus was Hour late. Driver was driving like crazy. Because of those hour late we were staying in traffic and picking other passengers in traffic. So I was exiting Hanoi in 2 hours from the time I …"", ""Any bus to Ha Long Bay? Thanks."", ""Clean, parking, easy to navigate.""]",4.4,bãi đỗ xe Hải Phòng,Hải Phòng
520,521,Nhà gửi xe Văn Luân,"Address: 100 Ngõ 389 Đằng Hải, Đằng Hải, Hải An, Hải Phòng, Vietnam",20.8365112,106.7303171,[],,bãi đỗ xe Hải Phòng,Hải Phòng
521,522,Trạm xe đạp công cộng TNGo Vườn hoa Tam Kỳ Hải Phòng,"Address: 215 P. Nguyễn Đức Cảnh, Cát Dài, Ngô Quyền, Hải Phòng, Vietnam",20.8536201,106.6686326,"[""The flower garden is beautiful and spacious, with two temples nearby, next to the cool Tam Bac River.""]",5.0,bãi đỗ xe Hải Phòng,Hải Phòng
522,523,Taxi đình vũ,"Address: Toà nhà đình, vũ plara, Đông Hải 1, Hải An, Hải Phòng, Vietnam",20.8508125,106.7311875,"[""The service is reputable and very cheap. The car is brand new. Thank you Company."", ""Driver and self-driving cars at reasonable prices\nprofessional driver\nDedicated service, clean car.\nspecializes in self-driving car rentals"", ""The company operates professionally and very effectively""]",5.0,bãi đỗ xe Hải Phòng,Hải Phòng
523,524,Nhà của Khắc Dương,"Address: VJ6H+7V4, An Đông, An Dương, Hải Phòng, Vietnam",20.8607313,106.6296945,[],,bãi đỗ xe Hải Phòng,Hải Phòng
524,525,Trạm sạc Vinfast Vincom Imperia,"Address: South of Bính Bridge Tunnel, 112 Hà Nội, Thượng Lý, Hồng Bàng, Hải Phòng, Vietnam",20.8621979,106.6623505,[],,bãi đỗ xe Hải Phòng,Hà Nội
525,526,Cổng C AEON MALL Hải Phòng - Lê Chân,"Address: 10 Võ Nguyên Giáp, Dư Hàng Kênh, Lê Chân, Hải Phòng 180000, Vietnam",20.8334491,106.6821177,"[""Gate C is convenient for vehicle entry and exit"", ""THIS ASSESSMENT IS FOR SCORING PURPOSES AND IS NOT FOR REVIEW. THIS ASSESSMENT IS FOR SCORING PURPOSES AND IS NOT FOR REVIEW. THIS ASSESSMENT IS FOR SCORING PURPOSES AND IS NOT FOR REVIEW. THIS ASSESSMENT IS FOR SCORING PURPOSES AND IS NOT FOR REVIEW. THIS ASSESSMENT IS FOR SCORING PURPOSES AND IS NOT FOR REVIEW."", ""I really advise everyone not to park your car at Aeonmall, it's so expensive, motorbike for 2 days 500k.""]",4.1,bãi đỗ xe Hải Phòng,Hải Phòng
526,527,Trạm xe đạp công cộng TNGo Cầu Quay Hùng Vương Hải Phòng,"Address: Huy Riverside, 06 Hoàng/0H1 Đ. Hùng Vương, Trại Chuối, Hồng Bàng, Hải Phòng, Vietnam",20.8560922,106.6652315,[],,bãi đỗ xe Hải Phòng,Hải Phòng
527,528,Car Park,"Address: 17 Hương Sơn, Văn Đẩu, Kiến An, Hải Phòng, Vietnam",20.8022087,106.630941,[],,bãi đỗ xe Hải Phòng,Hải Phòng
528,529,Chung cư tài xế,"Address: 404 N 2 P. Lê Lợi, Tổ dân phố, Ngô Quyền, Hải Phòng, Vietnam",20.860036,106.694696,[],,bãi đỗ xe Hải Phòng,Hải Phòng
529,530,Cát Tường Depot,"Address: RPXV+Q3J, Đường K9, Đông Hải 1, Hải An, Hải Phòng, Vietnam",20.8494505,106.7426271,[],5.0,bãi đỗ xe Hải Phòng,Hải Phòng
530,531,"Công ty Gia Linh chuyên - Đầu kéo, mooc uy tín chất lượng","Address: RPQV+RX, Nam Hải, Hải An, Hải Phòng, Vietnam",20.839516,106.744995,[],,bãi đỗ xe Hải Phòng,Hải Phòng
531,532,Bạn Say Tôi Lái Hải Phòng,"Address: 158 Hoàng Văn Thụ, Quang Trung, Hồng Bàng, Hải Phòng 18000, Vietnam",20.8572922,106.681219,"[""Thank you driver for bringing my family home safely."", ""Thank you driver for taking me home safely and parking my car so carefully.""]",5.0,bãi đỗ xe Hải Phòng,Hải Phòng
532,533,Gara Ô Tô Thúy Hiển,"Address: Đường 17A, Đông Hải 1, Hải An, Hải Phòng, Vietnam",20.8550168,106.7307362,[],,bãi đỗ xe Hải Phòng,Hải Phòng
533,534,Công Ty TNHH Đầu Tư Thương Mại Dịch Vụ Song Toàn,"Address: 20 Hoàng Văn Thụ, Minh Khai, Hồng Bàng, Hải Phòng, Vietnam",20.8625588,106.6812303,[],5.0,bãi đỗ xe Hải Phòng,Hải Phòng
534,535,Bãi đỗ xe ô tô Đại Việt,"Address: 198 Tầm Vu, Hưng Lợi, Ninh Kiều, Cần Thơ, Vietnam",10.0117878,105.769432,[],5.0,bãi đỗ xe Cần Thơ,Cần Thơ
535,536,Điểm Giữ Xe 24/24,"Address: 211/2 Đ. Nguyễn Văn Linh, Hưng Lợi, Ninh Kiều, Cần Thơ, Vietnam",10.0247715,105.7601109,"[""The parking lot must pick up cars before 7:00 p.m. every day.""]",4.2,bãi đỗ xe Cần Thơ,Cần Thơ
536,537,Bãi Giữ Xe 24/24,"Address: 3Q5J+JH6, Đ. Nguyễn Văn Cừ, Cái Khế, Ninh Kiều, Cần Thơ, Vietnam",10.05905,105.7814,[],,bãi đỗ xe Cần Thơ,Cần Thơ
537,538,BÃI XE Ô TÔ SÁU THÀNH,"Address: Khu Vực I, Hưng Phú, Cái Răng, Cần Thơ, Vietnam",10.0147772,105.7778369,[],,bãi đỗ xe Cần Thơ,Cần Thơ
538,539,Bãi xe 195/5 - Giữ xe Oto - xe gắn máy,"Address: 195/5 Đ. 3 Tháng 2, Hưng Lợi, Ninh Kiều, Cần Thơ, Vietnam",10.019748,105.7650346,"[""The owner is very enthusiastic, parking is very secure. The garage has separate parking spaces for each car, so you can park in the wrong space, each space is numbered. I keep my car key myself and don't leave it in the parking lot, so I …"", ""Fully covered, cafe + breakfast, open parking lot, clean parking, wide entrance and exit.""]",4.7,bãi đỗ xe Cần Thơ,Cần Thơ
539,540,Bãi Xe Cô Hai,"Address: Võ Văn Kiệt, Long Hoà, Bình Thủy, Cần Thơ, Vietnam",10.0775825,105.7135452,"[""How much is the price for a 4-seat car with 3-day shipping?"", ""Indoor parking lot, affordable price. Enthusiastic owner, free delivery to the airport!"", ""The parking lot is spacious, clean and safe. The price is cheap and the owner is cute. If I go, I'll still send her car next time""]",4.6,bãi đỗ xe Cần Thơ,Cần Thơ
540,541,Trung tâm đậu xe và dịch vụ ô tô quận Ninh Kiều,"Address: 12 Phan Đình Phùng, Tân An, Ninh Kiều, Cần Thơ, Vietnam",10.033229,105.7867826,"[""Clean and modern parking lot. I kept the car from Friday afternoon to Sunday noon for 75k, reasonable price. The staff enthusiastically helped me put the car into the system as shown in the picture."", ""Pros:\n+ Clean and hygienic parking lot.\n+ There is an elevator to take the car upstairs. …""]",4.3,bãi đỗ xe Cần Thơ,Cần Thơ
541,542,Dịch Vụ Giữ Xe Ô Tô Huỳnh Phúc,"Address: 388 Đ. Nguyễn Văn Cừ, Phường An Khánh, Ninh Kiều, Cần Thơ, Vietnam",10.0362381,105.7579637,"[""Although the location is hidden from view due to the narrow path, it is spacious inside, discreet and quiet. Only accept parking for cars under 16 seats and long term. Parking fee is collected on the 1st of every month. Most are family …"", ""Can I ask if this place keeps cars overnight and if the pick-up time is comfortable?""]",4.5,bãi đỗ xe Cần Thơ,Cần Thơ
542,543,Bãi Giữ Xe Miễn Phí CA TP Cần Thơ,"Address: 3Q2P+6P6, Cái Khế, Ninh Kiều, Cần Thơ, Vietnam",10.0505271,105.7867544,[],1.0,bãi đỗ xe Cần Thơ,Cần Thơ
543,544,Bãi Giữ Xe,"Address: 2QJQ+85J, Đ. Hai Bà Trưng, Tân An, Ninh Kiều, Cần Thơ, Vietnam",10.0308262,105.787896,"[""Unprecedented experience, the parking lot clearly stated the price from 5-18h 5k but I came to park at 5:20 and the parking attendant deliberately said it was 10k, but he said we were from 18-6am for 6k. He also said it was issued by the …"", ""Oh, I got ripped off when I kept the car here for 16k for shipping (too expensive). Never come back""]",1.0,bãi đỗ xe Cần Thơ,Cần Thơ
544,545,Bãi đỗ xe máy bệnh viện Đa khoa quốc tế Vinmec Cần Thơ,"Address: 150A Đ. 3 Tháng 2, Xuân Khánh, Ninh Kiều, Cần Thơ, Vietnam",10.0258832,105.7703456,"[""The parking lot is large, with many charging posts for electric motorbikes""]",5.0,bãi đỗ xe Cần Thơ,Cần Thơ
545,546,Bãi Giữ Xe Ô Tô Tiến Minh,"Address: Khu Dân Cư, 586 Đường số 13, Phú Thứ, Cái Răng, Cần Thơ, Vietnam",10.0035962,105.8051764,"[""Service is quite good!""]",4.5,bãi đỗ xe Cần Thơ,Cần Thơ
546,547,Bãi Giữ Xe Ô Tô Nhân Hòa,"Address: 111 QL1A, Ba Láng, Cái Răng, Cần Thơ, Vietnam",9.973577,105.7408,[],5.0,bãi đỗ xe Cần Thơ,Cần Thơ
547,548,Điểm Giữ Xe Ô Tô (24/24),"Address: 2QXF+HC6, Hẻm 38 Đ. Trần Việt Châu, An Hoà, Ninh Kiều, Cần Thơ, Vietnam",10.0489214,105.7735237,"[""This place is spacious, airy, thoughtful..."", ""Reputation and peace of mind""]",5.0,bãi đỗ xe Cần Thơ,Cần Thơ
548,549,"Bãi xe ô tô, mô tô","Address: 24-26 Đ. Lê Thánh Tôn, Tân An, Ninh Kiều, Cần Thơ, Vietnam",10.0328619,105.7876734,"[""Right at Ninh Kieu wharf, convenient for parking cars and motorbikes to go to Con Dao, night market, walking street. Polite and attentive staff. Reasonable price."", ""Parking lot, Can Tho night market, and parking for everyone to walk around. Honda 10k car."", ""Good, the security guard is very enthusiastic""]",4.7,bãi đỗ xe Cần Thơ,Cần Thơ
549,550,Điểm Giữ Xe,"Address: 205 Đường 30/04, Xuân Khánh, Ninh Kiều, Cần Thơ, Vietnam",10.0242947,105.7727295,[],,bãi đỗ xe Cần Thơ,Cần Thơ
550,551,Bãi xe 24h Cần Thơ,"Address: 37C Tầm Vu, Hưng Lợi, Ninh Kiều, Cần Thơ 900000, Vietnam",10.0082764,105.7605183,[],,bãi đỗ xe Cần Thơ,Cần Thơ
551,552,Bãi đỗ xe FIT Hotel,"Address: 2QXP+77W, Trần Quang Khải, Cái Khế, Ninh Kiều, Cần Thơ 901014, Vietnam",10.04824,105.7856943,"[""cozy space. Enthusiastic service, delicious food, come again next time""]",5.0,bãi đỗ xe Cần Thơ,Cần Thơ
552,553,Car park,"Address: 2P5X+5PF, An Bình, Ninh Kiều, Cần Thơ, Vietnam",10.0079344,105.7493059,"[""The charging station is great, the security guards are so cute and enthusiastic. 5 stars always!!!"", ""The parking lot doesn't accept bicycles because there are no locks, which is ridiculous."", ""Parking is very secure""]",3.0,bãi đỗ xe Cần Thơ,Cần Thơ
553,554,Bãi đỗ xe ôtô dvdl TRANG THẢO,"Address: 50 Đ. Lê Chân, Hưng Lợi, Ninh Kiều, Cần Thơ, Vietnam",10.0238517,105.756208,[],,bãi đỗ xe Cần Thơ,Cần Thơ
554,555,Bãi Đỗ Xe 24/7 86 Trần Phú Lộc Thọ,"Address: 65HW+96V, Lộc Thọ, Nha Trang, Khánh Hòa 650000, Vietnam",12.2284388,109.1954558,"[""Large parking lot, 24/7 surveillance cameras\nSecurity available\nCheap"", ""Spacious parking and better vehicle movement"", ""patient 1 month\nCan you send the car?""]",4.8,bãi đỗ xe Nha Trang,Nha Trang
555,556,Bãi đậu xe Mã Vòng,"Address: 65XJ+QH8, Đ. 23 Tháng 10, Phương Sài, Nha Trang, Khánh Hòa 650000, Vietnam",12.2494055,109.1814446,[],4.0,bãi đỗ xe Nha Trang,Nha Trang
556,557,Bãi Xe Phương Nam,"Address: 114 Đường Phong Châu, Phước Hải, Nha Trang, Khánh Hòa, Vietnam",12.2310602,109.1683984,"[""Phuong Nam parking lot is spacious with ok waiting seats""]",4.3,bãi đỗ xe Nha Trang,Nha Trang
557,558,Bãi Giữ Xe Du Lịch,"Address: 9B Phước Long, Phước Trung, Nha Trang, Khánh Hòa, Vietnam",12.2107988,109.1928879,"[""Small beach for surrounding residents""]",3.2,bãi đỗ xe Nha Trang,Nha Trang
558,559,Hệ thống giữ xe tự động thông minh tại nha trang,"Address: 1028 Lê Hồng Phong, P, Nha Trang, Khánh Hòa 650000, Vietnam",12.2180495,109.1885877,[],5.0,bãi đỗ xe Nha Trang,Nha Trang
559,560,Cô Bình - Gửi xe núi Cô Tiên,"Address: 28 Ngô Văn Sở, Vĩnh Hải, Nha Trang, Khánh Hòa, Vietnam",12.2936036,109.208255,"[""Very convenient! You can by drink and snack here too."", ""Parking space and drinking water.\nThe kind owner lent me a trekking stick to use on the slopes"", ""Park your car here, or Ms. Ly opposite.\nMs. Binh is friendly, sells water cakes, and has tables to sit and rest.\n5k/1 car.""]",4.9,bãi đỗ xe Nha Trang,Nha Trang
560,561,Bãi đậu xe Công viên bờ biển,"Address: 752W+WM2, Trần Phú, Vạn Thạnh, Nha Trang, Khánh Hòa 650000, Vietnam",12.2522668,109.1966326,"[""A space where you can park small vehicles."", ""In this parking lot, every day from 5pm to 11pm, there is a stall selling good milk tea (bubble tea).""]",4.8,bãi đỗ xe Nha Trang,Nha Trang
561,562,BÃI GIỮ XE-THÍCH QUẢNG ĐỨC,"Address: 658Q+74F, Thích Quảng Đức, Phước Long, Nha Trang, Khánh Hòa, Vietnam",12.2156872,109.1878071,"[""Disgusting place. The price of parking is always changing. They charge 10,000 at the entrance, claiming that this is for 1 day. In the morning, on departure, they demand another 20,000 and deny that they took the money last evening. Total comes out to 30,000 for 1 night."", ""Hic lost his phone and couldn't find it, creating conditions for him to buy a new phone""]",3.0,bãi đỗ xe Nha Trang,Nha Trang
562,563,Nhà Giữ Xe,"Address: 15 Đ. Nguyễn Hồng Sơn, Vạn Thạnh, Nha Trang, Khánh Hòa 650000, Vietnam",12.25544,109.1907,[],4.0,bãi đỗ xe Nha Trang,Nha Trang
563,564,Bãi giữ xe Tấn Phát,"Address: 2 Đ. Hoàng Hoa Thám, Vạn Thạnh, Nha Trang, Khánh Hòa 650000, Vietnam",12.2511729,109.1937883,"[""Everyone here is friendly and cheerful\nSending is very comfortable\nRecommend for you guys to go out or send the month here with peace of mind\nRight opposite the intersection of Tran Van On and Yersin, near the provincial hospital"", ""I am very satisfied with the service at Tan Phat parking lot. The space is spacious, clean and reasonably arranged, making parking and picking up cars quick and convenient. The staff here are very friendly, enthusiastic to guide and support …"", ""Spacious, clean and safe parking lot\nThe owner and security guard are very friendly and cute!! 👍👍👍 …""]",5.0,bãi đỗ xe Nha Trang,Nha Trang
564,565,"Bãi đậu, đỗ xe có thu phí","Address: 75MV+756, Đ. 2/4, Vĩnh Hải, Nha Trang, Khánh Hòa 650000, Vietnam",12.2831618,109.1928855,[],,bãi đỗ xe Nha Trang,Nha Trang
565,566,Bãi đỗ xe,"Address: 658Q+37X, Đ. Số 10, Phước Long, Nha Trang, Khánh Hòa, Vietnam",12.21525,109.188224,[],,bãi đỗ xe Nha Trang,Nha Trang
566,567,Bãi gửi xe số 5,"Address: 9 Trường Sơn, Vĩnh Hoà, Nha Trang, Khánh Hòa, Vietnam",12.2127623,109.2008065,[],,bãi đỗ xe Nha Trang,Nha Trang
567,568,Bãi Xe Phước Long,"Address: 6682+37G, Đ. Phước Long, Vĩnh Hoà, Nha Trang, Khánh Hòa, Vietnam",12.2151868,109.2007009,"[""Suitable for parking motorbikes and tourist cars""]",3.1,bãi đỗ xe Nha Trang,Nha Trang
568,569,Bãi xe Trần Sâm,"Address: 55Q7+PXV, Trần Sâm, Phước Đồng, Nha Trang, Khánh Hòa, Vietnam",12.1893502,109.1649158,[],,bãi đỗ xe Nha Trang,Nha Trang
569,570,Bãi đỗ xe Ôtô - khu đô thị Bắc Vĩnh Hãi,"Address: Cuối Đ. B3, tổ 2, Nha Trang, Khánh Hòa 650000, Vietnam",12.2875311,109.1928092,[],,bãi đỗ xe Nha Trang,Nha Trang
570,571,Bãi đậu xe Bến tàu du lịch Nha Trang,"Address: 358 Võ Thị Sáu, Vĩnh Trường, Nha Trang, Khánh Hòa, Vietnam",12.199214,109.2019626,"[""Large and airy parking lot can accommodate a tree""]",5.0,bãi đỗ xe Nha Trang,Nha Trang
571,572,Thuận ôtô Miền Đông,"Address: 52/8 (số mới, Hương lộ Ngọc Hiệp, Ngọc Hiệp, Nha Trang, Khánh Hòa 650000, Vietnam",12.2554569,109.1848297,[],,bãi đỗ xe Nha Trang,Nha Trang
572,573,Nha Trang Southern Bus Station,"Address: Đại lộ Võ Nguyên Giáp, thôn Trung Nam, xã Diên Toàn, huyện Diên Khánh, Nha Trang, Khánh Hòa, Vietnam",12.2441585,109.0987881,"[""A nice and much needed renovation since my stop here last year. Although it's just a basic bus station, it's kept clean, there are snacks and drinks to purchase for your trip and plenty of seating. …"", ""“The most affordable zero G experience”\nAn experience to never be forgotten.. even though we will try!\nIf you have joined us, in desperation to travel from Nha Trang to Dalang with …"", ""The Nha Trang bus station, in essence, is a decent facility. However, a notable drawback is the lack of free washroom facilities, which is undeniably a considerable inconvenience. The overall cleanliness of the station leaves something to …""]",3.9,bãi đỗ xe Nha Trang,Nha Trang
573,574,BÃI GIỮ XE TM-CAMEL,"Address: 10B Yersin, Vạn Thạnh, Nha Trang, Khánh Hòa 57100, Vietnam",12.2496099,109.1932962,"[""Oh, I'm very satisfied with the service at Tan Phat parking lot. The space is spacious, clean and reasonably arranged, making parking and picking up cars quick and convenient. The staff here are very friendly, enthusiastic to guide and …"", ""The parking lot is ok, with a roof and tarpaulin. The parking lot owner and security guards are very enthusiastic and cheerful.""]",5.0,bãi đỗ xe Nha Trang,Nha Trang
574,575,Bãi xe Vĩnh Hải,"Address: 75JQ+9R8, Đường Nguyễn Khuyến, Vĩnh Hải, Nha Trang, Khánh Hòa 650000, Vietnam",12.280854,109.189445,[],5.0,bãi đỗ xe Nha Trang,Nha Trang
575,576,Bãi xe nhà máy dệt nha trang,"Address: 20 QL1A, Vĩnh Phương, Nha Trang, Khánh Hòa, Vietnam",12.3037205,109.1674824,[],,bãi đỗ xe Nha Trang,Nha Trang
576,577,Bãi giữ xe ô tô Công Quý 24/7,"Address: 86 Trần Phú, Lộc Thọ, Nha Trang, Khánh Hòa 650000, Vietnam",12.2296218,109.1942353,[],,bãi đỗ xe Nha Trang,Nha Trang
577,578,Bãi Xe D V P,"Address: 65RC+2MV Bãi xe D V, P, Nha Trang, Khánh Hòa, Vietnam",12.2401133,109.1716783,[],,bãi đỗ xe Nha Trang,Nha Trang
578,579,Bãi xe cẩu trung kiên,"Address: 74MQ+QVR, AH1, Vĩnh Phương, Nha Trang, Khánh Hòa, Vietnam",12.2844822,109.1396306,[],5.0,bãi đỗ xe Nha Trang,Nha Trang
579,580,Bãi Giữ Xe Ô-tô CNT,"Address: đường Trần Quang Diệu, Vĩnh Hải, Nha Trang, Khánh Hòa 650000, Vietnam",12.2850337,109.1945089,"[""The owner is cute, the parking lot is spacious and safe.""]",4.0,bãi đỗ xe Nha Trang,Nha Trang
580,581,Giữ xe leo núi Cô Tiên,"Address: 27 Ngô Văn Sở, Vĩnh Hải, Nha Trang, Khánh Hòa, Vietnam",12.2938681,109.2080551,"[""Veru friendly man met me here. Provided with the parking lot and bamboo stick for comfortabke hiking. Cam on 🙏🏻 …"", ""The parking attendant is enthusiastic, hospitable, and always chats warmly with customers. He also gives advice on mountain climbing routes.""]",5.0,bãi đỗ xe Nha Trang,Nha Trang
581,582,Trạm xe buýt Phước Long - Nha Trang,"Address: 42 Nguyễn Tất Thành, Phước Long, Nha Trang, Khánh Hòa, Vietnam",12.210341,109.1872798,"[""The bus station's attitude when I changed money, the bus driver also had a disdainful attitude when I told her I wanted her to wait until someone got on and then asked to change money, she said it was like she was chasing me down, she didn't accept it so I got off and took another bus."", ""The staff's attitude towards customers is not right, causing the customer's reputation to be damaged."", ""Large. End point of Tuy Hoa-Nha Trang route""]",3.6,bãi đỗ xe Nha Trang,Nha Trang
582,583,Bãi xe Đức Lộc,"Address: Tổ 15 thôn, Võ Cang, Nha Trang, Khánh Hòa 65000, Vietnam",12.2530192,109.1352381,"[""Friendly car service good""]",3.0,bãi đỗ xe Nha Trang,Nha Trang
583,584,Bãi đậu xe của cảnh sát,"Address: 853C+WP5, Vĩnh Phương, Nha Trang, Khánh Hòa, Vietnam",12.3051945,109.1720404,[],,bãi đỗ xe Nha Trang,Nha Trang
584,585,Gara sửa chữa ô tô du lịch Nguyễn Hoà,"Address: 94 Đ. Lê Hiến Mai, Phước Hải, Nha Trang, Khánh Hòa 650000, Vietnam",12.238908,109.1791164,[],5.0,bãi đỗ xe Nha Trang,Nha Trang
585,586,Bãi Đỗ Xe Phương Nam,"Address: 116 Đường Phong Châu, Vĩnh Thái, Nha Trang, Khánh Hòa, Vietnam",12.2357841,109.1787934,[],,bãi đỗ xe Nha Trang,Nha Trang
586,587,Bãi xe Bình Minh Bus,"Address: 65MH+PV2, Thích Quảng Đức, Phước Hải, Nha Trang, Khánh Hòa, Vietnam",12.2342574,109.1796408,[],3.0,bãi đỗ xe Nha Trang,Nha Trang
587,588,Boc da o to Ngoc Tinh,"Address: 1015 Lê Hồng Phong, Phước Trung, Nha Trang, Khánh Hòa, Vietnam",12.2154529,109.1914617,"[""The best smoothie in Nha Trang! Always fresh fruit, clean dishes and a very friendly seller."", ""There is no parking here.""]",3.0,bãi đỗ xe Nha Trang,Nha Trang
588,589,Huyle 88đoxuanhop phuoc đong,"Address: 55M9+574, Phước Hạ, Nha Trang, Khánh Hòa, Vietnam",12.1828928,109.1682116,[],,bãi đỗ xe Nha Trang,Nha Trang
589,590,Kho trọng tấn nt,"Address: 44 QL1A, Vĩnh Phương, Nha Trang, Khánh Hòa, Vietnam",12.3022467,109.1675806,[],,bãi đỗ xe Nha Trang,Nha Trang
590,591,Tiệm photo,"Address: 6c Đồng Nai, Tân Tiến, Nha Trang, Khánh Hòa 650000, Vietnam",12.24648,109.181123,[],4.0,bãi đỗ xe Nha Trang,Nha Trang
591,592,Hanh Cafe Bus Station,"Address: 100 Đường Phong Châu, Vĩnh Thái, Nha Trang, Khánh Hòa, Vietnam",12.2321837,109.1669372,[],,bãi đỗ xe Nha Trang,Nha Trang
592,593,HTX Cơ Khí Sửa Chữa Ô Tô Nha Trang,"Address: 744R+RV5, Vĩnh Hiệp, Nha Trang, Khánh Hòa, Vietnam",12.2569336,109.1422693,[],,bãi đỗ xe Nha Trang,Nha Trang
593,594,KN Cam Ranh Staff Parking,"Address: 652H+32M, Phước Đồng, Nha Trang, Khánh Hòa, Vietnam",12.2002175,109.1775591,[],4.0,bãi đỗ xe Nha Trang,Nha Trang
594,595,Điểm gửi xe Đoàn Trần Nghiệp,"Address: 37 Đoàn Trần Nghiệp, Vĩnh Phước, Nha Trang, Khánh Hòa 650000, Vietnam",12.2705985,109.2017334,[],,bãi đỗ xe Nha Trang,Nha Trang
595,596,Bãi đậu xe Nhà Lớn (miễn phí),"Address: F33W+VX9, Đ. 28 tháng 4, Long Sơn, Vũng Tàu, Bà Rịa - Vũng Tàu, Vietnam",10.4542769,107.0978024,"[""Free. Large parking lot."", ""Today is the double ninth festival."", ""Clean and quite spacious""]",3.8,bãi đỗ xe Vũng Tàu,Vũng Tàu
596,597,Bãi giữ xe Cầu Đá,"Address: 83QC+QJM, Vũng Tàu, Bà Rịa - Vũng Tàu, Vietnam",10.3394601,107.0715342,"[""The security guard collected the fee in a non-transparent manner and did not have a ticket/payment confirmation slip.\nOn Saturday afternoon (June 28) at around 4:30 pm, our group of 3 people (1 …"", ""Vinfast car battery charging station, has 4 posts - can charge 8 cars. The charging station is located in front of the motorbike parking lot and next to the Pv Oil gas station. I was so happy to find the charging station, but it was not updated on google map. Had to ask the locals to find out.""]",4.1,bãi đỗ xe Vũng Tàu,Vũng Tàu
597,598,Bãi Giữ Xe 207,"Address: 207 Võ Thị Sáu, Phường Thắng Tam, Vũng Tàu, Bà Rịa - Vũng Tàu 78000, Vietnam",10.34258,107.0893,[],5.0,bãi đỗ xe Vũng Tàu,Vũng Tàu
598,599,Bãi đỗ xe Nhà VH-TN,"Address: 160 Hạ Long, Phường 1, Vũng Tàu, Bà Rịa - Vũng Tàu, Vietnam",10.341377,107.0748792,"[""Parking lot in front of the beach.""]",5.0,bãi đỗ xe Vũng Tàu,Vũng Tàu
599,600,Bãi đỗ xe Mạc Thanh Đạm,"Address: 2c Mạc Thanh Đạm, Phường 8, Vũng Tàu, Bà Rịa - Vũng Tàu, Vietnam",10.3534812,107.1007449,"[""Spacious parking lot, can accommodate many passenger cars and cars. Located at the corner of Thuy Van and Mac Thanh Dam intersection. The inside area is a villa area that people use to rent Homstay for tourists to stay. Parking is very convenient. I often turn around here.""]",3.7,bãi đỗ xe Vũng Tàu,Vũng Tàu
600,601,Bãi Giữ Xe Hai Lục,"Address: 225 Võ Thị Sáu, Phường Thắng Tam, Vũng Tàu, Bà Rịa - Vũng Tàu, Vietnam",10.3469913,107.0908702,"[""I have a car parked here that is clean and has no rats destroying it. The parking lot is spacious and easy to drive, and there is a regular caretaker, so if there are any problems, they will solve them quickly. I'm quite satisfied."", ""Very stable voltage, keeps the car cool, extremely comfortable""]",5.0,bãi đỗ xe Vũng Tàu,Vũng Tàu
601,602,Bãi xe,"Address: Long Sơn, Vũng Tàu, Ba Ria - Vung Tau, Vietnam",10.4422617,107.0762788,[],5.0,bãi đỗ xe Vũng Tàu,Vũng Tàu
602,603,Làng bè Như Ý Long Sơn - Bãi đậu xe,"Address: F42F+M79, Trường Sa, Long Sơn, Vũng Tàu, Bà Rịa - Vũng Tàu, Vietnam",10.4519834,107.1224609,"[""Good food and reasonable price""]",4.8,bãi đỗ xe Vũng Tàu,Vũng Tàu
603,604,Bãi xe ĐỰC HUỆ,"Address: C3VG+4C8, Long Sơn, Vũng Tàu, Bà Rịa - Vũng Tàu, Vietnam",10.4427997,107.0760775,[],5.0,bãi đỗ xe Vũng Tàu,Vũng Tàu
604,605,Bãi đỗ xe 161 VTS,"Address: 161 Võ Thị Sáu, Phường Thắng Tam, Vũng Tàu, Bà Rịa - Vũng Tàu, Vietnam",10.3382797,107.087113,[],,bãi đỗ xe Vũng Tàu,Vũng Tàu
605,606,Bãi xe Lý Tự Trọng p3 tpVũng Tàu,"Address: 83XH+MW3, Phường 3, Vũng Tàu, Bà Rịa - Vũng Tàu, Vietnam",10.3491488,107.0797833,"[""Happy friendship....""]",4.0,bãi đỗ xe Vũng Tàu,Vũng Tàu
606,607,Bãi đỗ xe ks Phương Đông,"Address: 83VR+2MJ, Phường Thắng Tam, Vũng Tàu, Bà Rịa - Vũng Tàu, Vietnam",10.3425919,107.0916365,[],,bãi đỗ xe Vũng Tàu,Vũng Tàu
607,608,Giữ Xe Chợ Xóm Lưói,"Address: 17a Trương Công Định, Phường 3, Vũng Tàu, Bà Rịa - Vũng Tàu, Vietnam",10.3421938,107.0761848,"[""I went on Sunday, 7-seater car but parking fee was only 20k. Too cheap for a parking space in the center."", ""Parked the car in my family's car, I hung the toy station outside the window for beauty because when I was flying on the highway, the next day someone cut it off. It wasn't cheap, 200 hundred or so. I extracted the dash cam and only saw …"", ""The parking lot is spacious, the lighting system and cameras are complete, so I feel secure""]",4.0,bãi đỗ xe Vũng Tàu,Vũng Tàu
608,609,Bãi đậu xe Quảng trường Bà Rịa,"Address: F5WM+HMP, Phước Nguyễn, Bà Rịa, Bà Rịa - Vũng Tàu, Vietnam",10.4964548,107.1841877,"[""Free and generous, everyone""]",5.0,bãi đỗ xe Vũng Tàu,Vũng Tàu
609,610,Bãi xe Đức Nhỏ,"Address: F3F5+PF6, Long Sơn, Vũng Tàu, Bà Rịa - Vũng Tàu, Vietnam",10.4748162,107.0590867,[],,bãi đỗ xe Vũng Tàu,Vũng Tàu
610,611,Bãi gửi xe làng bè Long Sơn,"Address: F3G5+2VQ, Thôn 2, Vũng Tàu, Bà Rịa - Vũng Tàu, Vietnam",10.4750974,107.0597288,"[""If customers eat Long Son raft, they must get a parking ticket for the restaurant staff to stamp. Then there will be no parking fee. If you use other friends, you will have to pay a parking fee"", ""Good parking lot""]",5.0,bãi đỗ xe Vũng Tàu,Vũng Tàu
611,612,Bãi Đậu Xe Núi Bồng Lai,"Address: C63V+73, Long Điền, Bà Rịa - Vũng Tàu, Vietnam",10.4031875,107.2426875,"[""This place is fun :)"", ""This season, there are many bamboo trees growing green and cool, both sides of the road are very beautiful.""]",5.0,bãi đỗ xe Vũng Tàu,Vũng Tàu
612,613,Bến xe Long Hải,"Address: C65C+76G, Bến Xe Huyện Long Điền, Tỉnh Lộ 44, Phước Hưng, Long Điền, Bà Rịa - Vũng Tàu, Vietnam",10.4081784,107.2205701,"[""There was a girl looking after the toilet at Long Hai bus station who was annoyed, angry and spoke sarcastically and disrespectfully."", ""Driving is too slow (going from Tay Ninh to Vung Tau from 6-1pm takes 7 hours) while other bus companies take about 5 hours.""]",3.7,bãi đỗ xe Vũng Tàu,Vũng Tàu
613,614,Trường Sơn,"Address: 222 Trần Phú, Phường 5, Vũng Tàu, Bà Rịa - Vũng Tàu, Vietnam",10.3837675,107.0572484,"[""Crispy pancakes with soft inside and delicious fish sauce, fresh vegetables, reasonable price"", ""Beautiful, I often ride my bike in the afternoon through this area""]",5.0,bãi đỗ xe Vũng Tàu,Vũng Tàu
614,615,Giữ Xe Cao Thắng 24/24,"Address: 128b Lê Lợi, Phường 4, Vũng Tàu, Bà Rịa - Vũng Tàu 78000, Vietnam",10.35694,107.074964,[],,bãi đỗ xe Vũng Tàu,Vũng Tàu
615,616,Bãi đỗ xe Vũng Tàu,"Address: 1 Nguyễn Thái Học, Phường 7, Vũng Tàu, Bà Rịa - Vũng Tàu, Vietnam",10.3603353,107.0794579,"[""Safe parking. Attentive service""]",5.0,bãi đỗ xe Vũng Tàu,Vũng Tàu
616,617,Parking,"Address: 54 Đại lộ Bình Dương, Lái Thiêu, Thuận An, Bình Dương, Vietnam",10.925361,106.7111407,[],4.5,bãi đỗ xe Bình Dương,Bình Dương
617,618,Bãi giữ xe Công viên Thành phố Mới,"Address: 3M3J+M4H, Phú Mỹ, Thủ Dầu Một, Bình Dương, Vietnam",11.0541986,106.6803442,"[""Spacious, airy, peaceful, comfortable and healthy. I don't see any outdoor fitness equipment"", ""Can everyone tell me if this park allows playing shuttlecock?"", ""Spacious, airy,...""]",4.8,bãi đỗ xe Bình Dương,Bình Dương
618,619,GO! Di An parking lot,"Address: VQQG+JGJ, Đông Hoà, Dĩ An, Bình Dương, Vietnam",10.8890921,106.7762512,[],5.0,bãi đỗ xe Bình Dương,Bình Dương
619,620,Bãi Đậu Xe,"Address: Thuận Giao, Thuan An, Binh Duong, Vietnam",10.9332396,106.7110074,"[""The customer support staff is very methodical"", ""easy to forget where to look 🤣 …""]",4.0,bãi đỗ xe Bình Dương,Không xác định
620,621,Bãi Đậu Xe Công Viên Thanh Lễ,"Address: XMR5+8RH, Hiệp Thành, Thủ Dầu Một, Bình Dương, Vietnam",10.9908072,106.659623,"[""Every Tet there is a spring flower market"", ""When will you come back?"", ""Currently, the garage mainly reserves cars for customers going to Da Lat at a price of 15k/day for motorbikes. If it's over a day, an additional 15k will be charged regardless of delivery time and pickup time. Parking tickets are printed by …""]",3.9,bãi đỗ xe Bình Dương,Bình Dương
621,622,BÃI GIỮ XE ÔTÔ HẢI DĨ AN,"Address: Hẻm 97/103 Nguyễn An Ninh, Dĩ An, Bình Dương, Vietnam",10.8995617,106.7661536,"[""Ok, comfortable hours, security"", ""I don't like it because there is no protection""]",4.5,bãi đỗ xe Bình Dương,Bình Dương
622,623,Bãi đỗ xe oto ngày đêm,"Address: 112b Đường Hoàng Hoa Thám, Đông Hoà, Dĩ An, Bình Dương, Vietnam",10.8959464,106.7815039,"[""Parking lot with 24/7 security""]",5.0,bãi đỗ xe Bình Dương,Bình Dương
623,624,Bãi Giữ Xe Park And Drive - Becamex Tokyu Bus,"Address: XMV4+JGG, Hiệp Thành, Thủ Dầu Một, Bình Dương, Vietnam",10.9940569,106.6563259,"[""Convenient, spacious, price 12k/night.""]",4.0,bãi đỗ xe Bình Dương,Bình Dương
624,625,BÃI ĐỖ XE TRUNG CHUYỂN PARK & RIDE TẠI ĐƯỜNG LÊ THỊ TRUNG,"Address: XMMF+8MR, Lê Thị Trung, Phú Lợi, Thủ Dầu Một, Bình Dương, Vietnam",10.9833652,106.6741455,[],5.0,bãi đỗ xe Bình Dương,Bình Dương
625,626,Bãi Giữ Xe Tháng,"Address: XMR3+8VX, Nguyễn Văn Tiết, Hiệp Thành, Thủ Dầu Một, Bình Dương, Vietnam",10.990853,106.654724,[],5.0,bãi đỗ xe Bình Dương,Bình Dương
626,627,Bãi gửi xe 24/24,"Address: 122 Đ. 3 Tháng 2, Lái Thiêu, Thuận An, Bình Dương, Vietnam",10.9131712,106.7015603,"[""Ok, enthusiastic and guaranteed safety""]",5.0,bãi đỗ xe Bình Dương,Bình Dương
627,628,BÃI XE HUỆ DUY BÌNH DƯƠNG,"Address: 2MG3+6VG, Định Hoà, Thủ Dầu Một, Bình Dương, Vietnam",11.0255647,106.654699,[],3.6,bãi đỗ xe Bình Dương,Bình Dương
628,629,Bãi đỗ xe Dĩ An,"Address: 30/1 đường Phan Huy Ích, Dĩ An, Bình Dương, Vietnam",10.9019861,106.7635588,"[""Parking and goods gathering place of transporter Thuy An Hung""]",4.0,bãi đỗ xe Bình Dương,Bình Dương
629,630,Bãi xe ô tô ĐH Thủ Dầu Một,"Address: 06 Trần Văn Ơn, Phú Hoà, Thủ Dầu Một, Bình Dương, Vietnam",10.9805185,106.6740469,[],5.0,bãi đỗ xe Bình Dương,Bình Dương
630,631,BÃI GIỮ XE,"Address: XMGC+745, Phú Hoà, Tp. Thủ Dầu Một, Bình Dương, Vietnam",10.9756281,106.6703456,"[""Extremely bad experience. The price charged is not the same as the price on the paper.\nUsually, the price before 9pm is 4k - after 9pm is 6k - overnight is 20k …""]",1.0,bãi đỗ xe Bình Dương,Bình Dương
631,632,Bãi Giữ xe Thanh Niên 24/24,"Address: bãi đổ xe, Thanh Niên, Tân Bình, Dĩ An, Bình Dương 824880, Vietnam",10.9368479,106.7627416,[],,bãi đỗ xe Bình Dương,Bình Dương
632,633,Trung Hung Phat car park,"Address: 58 Đ. Tân Vạn - Mỹ Phước, Tân Đông Hiệp, Dĩ An, Bình Dương, Vietnam",10.9240491,106.7687157,"[""Parking is quite comfortable, there is a car wash, large vehicles can enter and exit quite well, security is guaranteed."", ""OK parking lot\nThis company is not good, does not respect workers' labor. The accountant is a scoundrel, calculating salaries dishonestly, not recording any income, and nitpicking. Those who quit do not have their salaries, and the accounting dog eats them all."", ""Super large parking lot. Located on My Phuoc highway, it is very convenient for parking. Professional and skilled car repairman""]",4.0,bãi đỗ xe Bình Dương,Bình Dương
633,634,Bãi xe ô tô Thành Công,"Address: 91a Đ. DB 4, Mỹ Phước, Bến Cát, Bình Dương, Vietnam",11.1437,106.605175,"[""Spacious, covered parking lot, coffee shop, full car wash service, enthusiastic staff"", ""The middle of the car is spacious. There is a place for everyone to park. Everyone is enthusiastic. There is coffee waiting."", ""Washing the car while having coffee with enthusiastic staff""]",4.8,bãi đỗ xe Bình Dương,Bình Dương
634,635,Béo Quán - Bãi Đỗ Xe,"Address: WPXM+3X2, Đường D23, An Phú, Thuận An, Bình Dương, Vietnam",10.9475574,106.7349672,"[""Spacious and comfortable parking lot, especially free he he 5 stars for the restaurant"", ""The restaurant has delicious food, is clean, has student prices... has spacious parking. 10 VND for a beautiful view like DA LAT👍 …"", ""Spacious parking lot, delicious restaurant""]",5.0,bãi đỗ xe Bình Dương,Bình Dương
635,636,Bãi xe Vận tải,"Address: 18/10, Tổ 10, Khu Phố, Đông Nhì, Lái Thiêu, Thuận An, Bình Dương, Vietnam",10.9117826,106.7086243,"[""Parking lot of Minh Minh Load Company""]",5.0,bãi đỗ xe Bình Dương,Bình Dương
636,637,Bãi xe,"Address: 18 Lê Hồng Phong, Tân Đông Hiệp, Dĩ An, Bình Dương, Vietnam",10.9168583,106.7682125,[],3.0,bãi đỗ xe Bình Dương,Bình Dương
637,638,Bãi Xe Châu Hà,"Address: XP5G+2P7, Đường An Phú 13, Thuận Giao, Thuận An, Bình Dương, Vietnam",10.9575469,106.7268006,"[""Chau Ha parking lot with many cars, good service!"", ""Chau and Ha are sisters""]",3.7,bãi đỗ xe Bình Dương,Bình Dương
638,639,Bãi Xe Trung tâm GDNN Bình An,"Address: 215 Đ. D1, Khu Dân Cư Phú Hồng Thịnh 9, Dĩ An, Bình Dương 75308, Vietnam",10.9042096,106.7988658,"[""Spacious parking""]",5.0,bãi đỗ xe Bình Dương,Bình Dương
639,640,Bãi xe Long Phi,"Address: Căn Hộ Cao Cấp, Khu, Bình Chuẩn, Tân Uyên, Bình Dương, Vietnam",10.971001,106.727894,"[""The car owner is so happy. Enthusiastic and kind.."", ""Spacious, beautiful, clean, airy""]",4.0,bãi đỗ xe Bình Dương,Bình Dương
640,641,Bãi xe ĐÔNG HẢI,"Address: 1394 Đ. Tân Vạn - Mỹ Phước, Phú Mỹ, Thủ Dầu Một, Bình Dương, Vietnam",10.9561787,106.7317999,"[""The parking lot is like a mudskipper pond""]",5.0,bãi đỗ xe Bình Dương,Bình Dương
641,642,Bãi đỗ xe,"Address: WQCC+GJR, Tân Đông Hiệp, Dĩ An, Bình Dương, Vietnam",10.9213635,106.7715264,"[""Spacious parking""]",4.3,bãi đỗ xe Bình Dương,Bình Dương
642,643,Bãi Giữ Xe Ô Tô,"Address: WQ2W+F6H, Trần Đại Nghĩa, Xã Bình Thắng, Dĩ An, Bình Dương, Vietnam",10.9011804,106.7956051,[],5.0,bãi đỗ xe Bình Dương,Bình Dương
643,644,Bãi xe Mai Phong,"Address: 2M3G+2PP, Đường ĐX-037, Phú Mỹ, Thủ Dầu Một, Bình Dương, Vietnam",11.0025827,106.6768153,[],5.0,bãi đỗ xe Bình Dương,Bình Dương
644,645,BÃI ĐÕ XE TÂN DƯƠNG,"Address: 4J7P+M64, Đường NE2, Khu đô thị Ecolakes, Bến Cát, Bình Dương, Vietnam",11.1141452,106.6355632,[],,bãi đỗ xe Bình Dương,Bình Dương
645,646,Bãi xe lê phú cường,"Address: Số 5 ĐX 035, 55, Thủ Dầu Một, Bình Dương, Vietnam",11.0059182,106.6719478,"[""10 points no but"", ""Reputation, quality""]",5.0,bãi đỗ xe Bình Dương,Bình Dương
646,647,BÃI XE 79 (XE VI PHẠM GIAO THÔNG),"Address: 99 Đ. Tân Vạn - Mỹ Phước, + ĐX071, Bình Dương, 02743, Vietnam",11.0338728,106.6527126,"[""Cheap price, quick car pick-up, easy procedures, dedicated staff"", ""Closed but still exists"", ""A place to protect property for traffic violators""]",3.7,bãi đỗ xe Bình Dương,Bình Dương
647,648,Bến Xe Tân Uyên,"Address: 3Q7V+W23, Uyên Hưng, Tân Uyên, Bình Dương, Vietnam",11.0647687,106.7925596,"[""Newly built bus station, almost all items have been completed. Although it has not been inaugurated and put into use, it can be said that it is suitable for TX. Although small, it is beautiful, full of necessary elements, and has 2 gates …"", ""A new bus terminal has been built in the Tan Uyen area. It is said that local and intercity buses will depart and arrive there in the future. I'm looking forward to seeing it in use soon."", ""At the bus station, there will always be a quality bus route to go to Binh Duong New City with a variety of stops. Cheap cost. I used it to go to Thu Duc City with a very cheap bus cost of 18k VND""]",3.8,bãi đỗ xe Bình Dương,Bình Dương
648,649,Bãi Đỗ Xe Ô Tô Phước Lộc,"Address: 7 Đường Đông Minh, Dĩ An, Bình Dương, Vietnam",10.8963944,106.7718915,[],1.0,bãi đỗ xe Bình Dương,Bình Dương
649,650,Bãi Xe Thiên Nam Hòa,"Address: 121 Nguyễn Du, An Phú, Thuận An, Bình Dương 820000, Vietnam",10.9323488,106.7422701,"[""All public cars only""]",3.9,bãi đỗ xe Bình Dương,Bình Dương
650,651,Bãi Xe Hoàng Nguyễn,"Address: 304 Liên Huyện, An Phú, Dĩ An, Bình Dương, Vietnam",10.95863,106.748024,[],4.5,bãi đỗ xe Bình Dương,Bình Dương
651,652,Bãi xe đông nhì,"Address: 38 Đông Nhì, Lái Thiêu, Thuận An, Bình Dương 824378, Vietnam",10.9122109,106.7114835,[],5.0,bãi đỗ xe Bình Dương,Bình Dương
652,653,Mr. Father Bridge Bus Stop,"Address: WP37+428, QL13, Binh Hoà, Thuận An, Bình Dương, Vietnam",10.902799,106.712583,"[""Catching a bus is quite easy. However, getting off the bus there is quite convenient for those who have a car. For those who do not have a car, they can only catch a traditional motorbike taxi. The price is also quite expensive. It is quite …"", ""Waiting here along Highway 14 is quite convenient, there is even a drink stall to wait."", ""Quite airy and clean, I don't know where to stay when it rains. The level of traffic is dense.""]",4.3,bãi đỗ xe Bình Dương,Bình Dương
653,654,BÃI XE QUỐC ĐẠT,"Address: VRW7+4V8, Ấp Bình Thắng, Xã Bình Thắng, Huyện Bình An, Bình Dương, Vietnam",10.8952833,106.8147148,[],5.0,bãi đỗ xe Bình Dương,Bình Dương
654,655,Bãi xe Đại Hoàng Phúc,"Address: 338-334 Đường Liên Huyên, Tân Bình, Dĩ An, Bình Dương, Vietnam",10.960072,106.7513254,[],5.0,bãi đỗ xe Bình Dương,Bình Dương
655,656,Bãi xe tải mỹ phước,"Address: TC1, Mỹ Phước, Bến Cát, Bình Dương 820000, Vietnam",11.1249995,106.6142919,"[""Enthusiastic driver, affordable price"", ""Prestige and quality"", ""super enthusiastic""]",5.0,bãi đỗ xe Bình Dương,Bình Dương
656,657,Bãi giữ xe ô tô Út Khuynh,"Address: XPJF+H83, Bình Chuẩn, Thuận An, Bình Dương, Vietnam",10.980963,106.723592,"[""The garage is spacious, airy, cheap, and has local people, so it's extremely reliable. In addition to parking, we also rent out party space"", ""Good security parking lot, reasonable price, friendly people and spacious space, very satisfied!""]",5.0,bãi đỗ xe Bình Dương,Bình Dương
657,658,Bãi giữ ôtô 24 24,"Address: Khu Phố Nhị Đồng 1, Dĩ An, Binh Duong, Vietnam",10.9008681,106.7642522,"[""Cool, spacious, clean beach"", ""Clean, spacious and comfortable.""]",4.8,bãi đỗ xe Bình Dương,Không xác định
658,659,Bãi đậu xe Thuận An Thành,"Address: 1 Nguyễn Văn Tiết, Lái Thiêu, Thuận An, Bình Dương, Vietnam",10.9150187,106.7059571,[],3.0,bãi đỗ xe Bình Dương,Bình Dương
659,660,Bãi xe Triết tâm,"Address: 1 ĐT743, An Phú, Thuận An, Bình Dương, Vietnam",10.9339207,106.7422568,"[""The parking lot is more than 10,000m2, has a spacious warehouse system, and has repair services for American trucks and tractors. Machine overhaul, copper paint, very good price. Monthly parking rental, reasonable price, 24/7 security, very safe""]",4.3,bãi đỗ xe Bình Dương,Bình Dương
660,661,BÃI XE CHÁNH PHÚ HOÀ,"Address: 4JWW+6GV, Chánh Phú Hoà, Bến Cát, Bình Dương, Vietnam",11.146082,106.64611,[],4.0,bãi đỗ xe Bình Dương,Bình Dương
661,662,Bãi Giữ Xe Chợ Quang Vinh 3,"Address: 3QWC+2G2 Bến xe khách Quang, Vinh 3, Tân Uyên, Bình Dương, Vietnam",11.0950139,106.7712723,"[""Can I ask if you can keep your motorbike overnight? Please give me your Zalo phone number to contact you"", ""Safe, affordable parking""]",5.0,bãi đỗ xe Bình Dương,Vinh
662,663,Bãi đỗ xe ĐẠI HOÀNG PHÚC,"Address: XQ23+7CC, Đường Nguyễn Thị Tươi, Tân Bình, Dĩ An, Bình Dương, Vietnam",10.9506997,106.7535228,[],,bãi đỗ xe Bình Dương,Bình Dương
663,664,Bãi giữ xe vi phạm giao thông tỉnh Bình Dương,"Address: 2M7F+W4W, Đường ĐX-040, Phú Mỹ, Thủ Dầu Một, Bình Dương, Vietnam",11.0148545,106.6728349,"[""Very wonderful! \""Because the sea is so large, it can contain hundreds of rivers and thousands of streams. The same goes for humans. As for the Son of Man, it will be up to the higher part to decide. As for the Son... Please everyone give your opinion.\""""]",3.5,bãi đỗ xe Bình Dương,Bình Dương
664,665,Vsip 2 Tân Uyên,"Address: 4P92+X74 VSIP2 A, Đường số 19, Vĩnh Tân, Tân Uyên, Bình Dương, Vietnam",11.1198923,106.7007126,[],4.5,bãi đỗ xe Bình Dương,Bình Dương
665,666,Bãi xe Công an Thành phố Tân Uyên,"Address: 2QQ8+C7P, Khánh Bình, Tân Uyên, Bình Dương, Vietnam",11.0381391,106.7666538,[],4.0,bãi đỗ xe Bình Dương,Bình Dương
666,667,Bãi Đậu Xe Thương Nguyễn,"Address: 11 Lê Hồng Phong, Phú Lợi, Thủ Dầu Một, Bình Dương, Vietnam",10.990927,106.6749863,[],,bãi đỗ xe Bình Dương,Bình Dương
667,668,Ha Vy Parking Lot (New),"Address: WR3J+JQ9, ĐT743A, Bình An, Dĩ An, Bình Dương, Vietnam",10.9041638,106.8319016,[],5.0,bãi đỗ xe Bình Dương,Bình Dương
668,669,Bãi xe vinh phát,"Address: XQ72+PJF, An Phú, Thuận An, Bình Dương, Vietnam",10.964317,106.751551,[],5.0,bãi đỗ xe Bình Dương,Bình Dương
669,670,Bãi xe hải châu,"Address: 18 An Nhơn, Tân Phú, Dĩ An, Bình Dương, Vietnam",10.9295483,106.7615764,[],,bãi đỗ xe Bình Dương,Bình Dương
670,671,Bãi xe ôtô Trung Tâm Hành chính Tỉnh Bình Dương,"Address: 3M3J+VP8, Lê Lợi, Phú Chánh, Thủ Dầu Một, Bình Dương, Vietnam",11.0546576,106.6818196,"[""The parking lot is quite large, airy, has sun and rain protection, but lacks tents and a few wastebaskets.""]",4.0,bãi đỗ xe Bình Dương,Bình Dương
671,672,Bãi xe Thành Thắng,"Address: 237 Đ. Nguyễn Thị Minh Khai, Tân Đông Hiệp, Dĩ An, Bình Dương, Vietnam",10.9203291,106.7536771,"[""After a long journey and stopping, I felt very comfortable"", ""Vehicles coming in and out frequently. Dangerous.""]",3.8,bãi đỗ xe Bình Dương,Bình Dương
672,673,Bãi đỗ xe Container VSIP IIA,"Address: 8 Đường Hòa Bình, Vĩnh Tân, Tân Uyên, Bình Dương, Vietnam",11.1284436,106.6892994,[],5.0,bãi đỗ xe Bình Dương,Bình Dương
673,674,Bãi trông giữ xe Quốc lộ 1K,"Address: QL1K, Tân Đông Hiệp, Dĩ An, Bình Dương 75302, Vietnam",10.9176007,106.8003696,[],,bãi đỗ xe Bình Dương,Bình Dương
674,675,Bãi Đỗ Đất San Lấp / Xà Bần,"Address: 44/3 Đ. Nguyễn Văn Lộng, Chánh Mỹ, Thủ Dầu Một, Bình Dương 75000, Vietnam",10.9977417,106.646321,[],5.0,bãi đỗ xe Bình Dương,Bình Dương
675,676,Bãi Xe Dũng Thành Phát,"Address: WR65+PG8, Đ Bình Thung, Xã Bình Thắng, Dĩ An, Bình Dương, Vietnam",10.9117559,106.808838,[],5.0,bãi đỗ xe Bình Dương,Bình Dương
676,677,Bai xe Tuấn Thúy,"Address: 17 3, khu phố bình quới b, Thuận An, Bình Dương, Vietnam",10.9872723,106.7048524,[],5.0,bãi đỗ xe Bình Dương,Bình Dương
677,678,Coop Mark Car Parking - Movie Theaters,"Address: 19 Đ. Phú Lợi, Phú Lợi, Thủ Dầu Một, Bình Dương, Vietnam",10.9847791,106.667973,[],4.0,bãi đỗ xe Bình Dương,Bình Dương
678,679,Bãi Gữi Xe Tuấn Tú,"Address: số nhà 1A, ĐT743B/35A kp bình đức 1, Binh Hoà, Thuận An, Bình Dương, Vietnam",10.9021848,106.7168476,"[""Excellent safety""]",5.0,bãi đỗ xe Bình Dương,Bình Dương
679,680,Bãi đậu xe tải kcn VSIP,"Address: WPJQ+XJM VSIP, Street 3, Thuận An, Bình Dương, Vietnam",10.932473,106.7390338,[],5.0,bãi đỗ xe Bình Dương,Bình Dương
680,681,Bãi giữ xe máy,"Address: Ngã tư TC1A, G 9, Thới Hoà, Bến Cát, Bình Dương, Vietnam",11.115372,106.5990888,[],4.0,bãi đỗ xe Bình Dương,Bình Dương
681,682,Bãi đỗ xe Hoàng Thiên Kim - Châu Thới,"Address: WR75+6F3, Đ Bình Thung, Xã Bình Thắng, Dĩ An, Bình Dương, Vietnam",10.913485,106.80855,[],,bãi đỗ xe Bình Dương,Bình Dương
682,683,Bãi xe Vân Phú,"Address: 319 Nguyễn An Ninh, Dĩ An, Bình Dương, Vietnam",10.9101117,106.7697472,[],,bãi đỗ xe Bình Dương,Bình Dương
683,684,Bãi đậu xe CT TNHH Thảo Hà,"Address: XMGR+V77, Hẻm 189 Nguyễn Thị Minh Khai, Phú Hoà, Thủ Dầu Một, Bình Dương, Vietnam",10.9771925,106.6910098,"[""Private company parking""]",3.5,bãi đỗ xe Bình Dương,Bình Dương
684,685,Bãi đỗ xe Long Thành,"Address: Trần Văn Ơn, An Phước, Long Thành, Đồng Nai 815420, Vietnam",10.7964533,106.946154,"[""Quality parking lot!!! The owner is very funny ❤️""]",5.0,bãi đỗ xe Đồng Nai,Đồng Nai
685,686,Bãi đỗ xe,"Address: 1C QL51, Phước Thái, Long Thành, Đồng Nai 810000, Vietnam",10.6830078,107.0255544,"[""Thuong Chieu Zen Monastery (Ba Ria Province)""]",4.0,bãi đỗ xe Đồng Nai,Đồng Nai
686,687,Bãi Đỗ Xe (An Phú),"Address: 2 Đ. 2A, Long Bình Tân, Biên Hòa, Đồng Nai, Vietnam",10.9136785,106.8568049,"[""Good, parking the car for 3 miles won't hurt.""]",5.0,bãi đỗ xe Đồng Nai,Biên Hòa
687,688,Bãi xe DongBang Parking Area,"Address: Kho K752, Phan Đăng Lưu, Khu phố 7, Biên Hòa, Đồng Nai, Vietnam",10.9179183,106.9144131,"[""Prestige for top work 👍👍👍 …"", ""100% peaceful. Play !""]",4.6,bãi đỗ xe Đồng Nai,Biên Hòa
688,689,Bãi đậu xe Công viên Biên Hùng,"Address: XR2C+CH2, Trung Dũng, Biên Hòa, Đồng Nai, Vietnam",10.9509367,106.8213615,"[""On July 15, 2025, there was no event that blocked cars from entering and parking. The parking lot was empty. Meanwhile, parking was not allowed on the surrounding roads. Parents who picked up their children did not know where to park their …"", ""Park parking lots are often used to organize events where parking is not possible.\nWithout a parking management unit, vehicles are parked haphazardly and not on …"", ""The parking lot in Bien Hoa center is very suitable, but some people lack the awareness to park haphazardly""]",3.3,bãi đỗ xe Đồng Nai,Biên Hòa
689,690,Bãi xe Đông A,"Address: WW7R+V68, Unnamed Road, Phước Tân, Biên Hòa, Đồng Nai, Vietnam",10.9146744,106.9405726,[],5.0,bãi đỗ xe Đồng Nai,Biên Hòa
690,691,Bãi đỗ xe chợ Quảng Biên,"Address: Chợ Quảng Biên, 909 QL1A, Quảng Tiến, Trảng Bom, Đồng Nai, Vietnam",10.949257,106.9893501,[],,bãi đỗ xe Đồng Nai,Đồng Nai
691,692,BÃI XE MINH QUÂN,"Address: XV87+45G, Tân Hiệp, Biên Hòa, Đồng Nai, Vietnam",10.9653123,106.8629545,[],5.0,bãi đỗ xe Đồng Nai,Biên Hòa
692,693,Bãi đậu xe Văn Hải,"Address: 43 Đ. Trần Văn Trà, Khu Văn Hải, Long Thành, Đồng Nai, Vietnam",10.7824145,106.9473083,"[""On a business trip to LT, I found a parking lot and sent it to this place. The yard is large, clean, and secure! 10 dim"", ""Parking lot - Parking day and night, 4-7 seat cars, small trucks,\nParking lot near Vincom Long Thanh 👍 …"", ""Great clean parking lot, enthusiastic owner""]",5.0,bãi đỗ xe Đồng Nai,Đồng Nai
693,694,Bãi đậu xe công cộng,"Address: WRVC+Q2V, Trung Dũng, Biên Hòa, Đồng Nai, Vietnam",10.944476,106.8200416,"[""Free parking, very spacious, cars parked neatly. The security guard is very good."", ""Spacious and clean parking lot, divided into compartments for cars…""]",5.0,bãi đỗ xe Đồng Nai,Biên Hòa
694,695,Bến xe Hố Nai,"Address: 204 Xa lộ Hà Nội, Tân Biên, Biên Hòa, Đồng Nai, Vietnam",10.966777,106.886698,[],4.4,bãi đỗ xe Đồng Nai,Hà Nội
695,696,Bãi Giữ Xe Nội Bộ Gia Đình Anh Hiền,"Address: Phạm Văn Thuận, Tam Hiệp, Biên Hòa, Đồng Nai, Vietnam",10.9419147,106.8584135,[],5.0,bãi đỗ xe Đồng Nai,Biên Hòa
696,697,Bãi Xe Vườn Tràm,"Address: Hoàng Bá Bích, Long Bình, Biên Hòa, Đồng Nai, Vietnam",10.9429615,106.8778485,"[""The parking lot is spacious, the two guys in the parking lot are cheerful and enthusiastic, and there is also a coffee shop inside"", ""The parking lot is spacious and airy, with a car wash service and a coffee shop. The owner is very cheerful and enthusiastic, it is worth parking and washing the car here""]",4.0,bãi đỗ xe Đồng Nai,Biên Hòa
697,698,Bãi đỗ xe Đức Trí,"Address: 3 Phạm Văn Thuận, Thống Nhất, Biên Hòa, Đồng Nai, Vietnam",10.9577663,106.8338016,[],,bãi đỗ xe Đồng Nai,Biên Hòa
698,699,Bãi đỗ xe Hợp Tác Xã Thành Phát,"Address: WR7X+X4V, Unnamed Road, An Bình, Biên Hòa, Đồng Nai, Vietnam",10.91498,106.847812,[],3.0,bãi đỗ xe Đồng Nai,Biên Hòa
699,700,Trạm Cân - Bãi Đỗ Xe Hưng Hoàng,"Address: PWV8+W7V, Khu công nghiệp Nhơn Trạch 1, Nhơn Trạch, Đồng Nai, Vietnam",10.7448561,106.9156596,"[""Service No. 1 Nhon Trach"", ""There was no weight manipulation or anything like that."", ""xenangnguoihunghoang.com""]",4.3,bãi đỗ xe Đồng Nai,Đồng Nai
700,701,Bãi giữ xe thành lộc,"Address: WV8G+6GM, An Bình, Biên Hòa, Đồng Nai, Vietnam",10.9155912,106.8763119,[],,bãi đỗ xe Đồng Nai,Biên Hòa
701,702,Bãi đỗ Tùng,"Address: WRVV+J3H, Nhất Hòa, Biên Hòa, Đồng Nai, Vietnam",10.9440711,106.8427425,[],,bãi đỗ xe Đồng Nai,Biên Hòa
702,703,Bãi đậu xe Tân Xuân Anh,"Address: Đ. 6A, An Bình, Biên Hòa, Đồng Nai, Vietnam",10.9146502,106.875356,"[""Send 2 dump trucks into it. He tricked me into taking my car for personal use. After I found out, he later tried to show me the evidence he said he would use for the soldiers. And forcing me to destroy my car and change my car's clothes, I still deny responsibility and compensation""]",3.0,bãi đỗ xe Đồng Nai,Biên Hòa
703,704,Bãi Đậu Xe Công Ty TNHH Vận Tải Đường Bộ Phú Cường A,"Address: XVQH+H32, Khu Phố 4, Tp. Biên Hòa, Đồng Nai, Vietnam",10.988888,106.8776454,[],,bãi đỗ xe Đồng Nai,Biên Hòa
704,705,Bãi xe Ánh Dương,"Address: WW6J+MQQ, Võ Nguyên Giáp, Phước Tân, Biên Hòa, Đồng Nai, Vietnam",10.912182,106.932402,"[""Normal activities are widespread and enthusiastic."", ""Normal operation spacious parking lot""]",5.0,bãi đỗ xe Đồng Nai,Biên Hòa
705,706,Bãi Xe ô tô Nhật Huy,"Address: 134 Hẻm 1, Trảng Dài, Biên Hòa, Đồng Nai, Vietnam",10.9703042,106.8592551,[],5.0,bãi đỗ xe Đồng Nai,Biên Hòa
706,707,Bãi xe Công Ty Hưng Trường Phát,"Address: WVF2+284, Đường Số 5, An Bình, Biên Hòa, Đồng Nai, Vietnam",10.9225085,106.8508341,"[""Large parking lot. Clean."", ""Clean parking lot.""]",4.3,bãi đỗ xe Đồng Nai,Biên Hòa
707,708,Bãi xe tùng thiên phát,"Address: XWHM+38W, Hố Nai 3, Trảng Bom, Đồng Nai, Vietnam",10.9771073,106.93356,[],5.0,bãi đỗ xe Đồng Nai,Đồng Nai
708,709,Bãi Xe Hữu Vũ,"Address: 12 Hẽm Số 301 Đ. Bùi Hữu Nghĩa, Tân Vân, Biên Hòa, Đồng Nai, Vietnam",10.9145249,106.8229302,[],,bãi đỗ xe Đồng Nai,Biên Hòa
709,710,Bãi xe Ánh Dương,"Address: 88 Võ Nguyên Giáp, Phước Tân, Biên Hòa, Đồng Nai, Vietnam",10.8986081,106.8980759,[],5.0,bãi đỗ xe Đồng Nai,Biên Hòa
710,711,Bãi Giữ Xe Ô tô,"Address: 17 Phan Bội Châu, Xuân An, Long Khánh, Đồng Nai, Vietnam",10.9306031,107.2483539,"[""Good parking service"", ""10 points no but!!!""]",5.0,bãi đỗ xe Đồng Nai,Đồng Nai
711,712,Bãi giữ xe JL Invest,"Address: Đường số 13, KCN Amata, Ho Chi Minh City, Đồng Nai, Vietnam",10.9548764,106.9100823,[],5.0,bãi đỗ xe Đồng Nai,Đồng Nai
712,713,Bãi Xe Hà An,"Address: 19 Bắc Sơn - Long Thành, Phước Tân, Biên Hòa, Đồng Nai, Vietnam",10.9197034,106.9463297,[],,bãi đỗ xe Đồng Nai,Biên Hòa
713,714,Bãi Giữ Xe ÔTô 76 Nguyễn Trãi,"Address: 76 Nguyễn Trãi, Xuân Hoà, Long Khánh, Đồng Nai, Vietnam",10.9209426,107.2439842,[],,bãi đỗ xe Đồng Nai,Đồng Nai
714,715,Bãi xe Thuỷ Thắng,"Address: WV84+WFH, Đường Số 2, An Bình, Biên Hòa, Đồng Nai, Vietnam",10.917314,106.856245,[],5.0,bãi đỗ xe Đồng Nai,Biên Hòa
715,716,Chở Thuê Xe Tải Biên Hoà,"Address: 65/3 tổ 1B KP 12, An Bình, Biên Hòa, Đồng Nai, Vietnam",10.932066,106.856184,"[""The director is very enthusiastic. Reputable and gentle"", ""Clean and beautiful truck, on time delivery, neat and tidy, enthusiastic and cheerful driver""]",5.0,bãi đỗ xe Đồng Nai,Biên Hòa
716,717,Phòng Khám Đa Khoa- Điểm Giữ Xe,"Address: 5 Đ. Phan Trung, Tân Mai, Biên Hòa, Đồng Nai 71000, Vietnam",10.95938,106.8433348,"[""cheap. wide. Pretty""]",4.0,bãi đỗ xe Đồng Nai,Biên Hòa
717,718,Bãi xe Cty Nguyễn Hoàng Phát,"Address: WW97+RWM, Đ. Tân Cảng Long Bình, Long Bình, Biên Hòa, Đồng Nai, Vietnam",10.9195841,106.9147905,[],5.0,bãi đỗ xe Đồng Nai,Biên Hòa
718,719,Bãi Đỗ oto 4H,"Address: 21 23/6K, Tân Hiệp, Biên Hòa, Đồng Nai 76111, Vietnam",10.9684049,106.869676,"[""Clean beach, easy to get in and out""]",5.0,bãi đỗ xe Đồng Nai,Biên Hòa
719,720,Bãi Xe Phú Gia Minh,"Address: 69/9b Tổ 4, Long Bình Tân, Biên Hòa, Đồng Nai, Vietnam",10.913298,106.885284,"[""Clean and safe with a modern Cfe lunch shop""]",5.0,bãi đỗ xe Đồng Nai,Biên Hòa
720,721,Bãi xe Tuấn nguyễn,"Address: Ngô gia cát, Tân Hoà, Tp. Biên Hòa, Đồng Nai 76000, Vietnam",10.9774829,106.9145363,[],,bãi đỗ xe Đồng Nai,Biên Hòa
721,722,Dịch vụ cho thuê bãi đỗ xe,"Address: 269 Hoàng Bá Bích, Long Bình, Biên Hòa, Đồng Nai, Vietnam",10.9416194,106.8767293,[],,bãi đỗ xe Đồng Nai,Biên Hòa
722,723,Bãi Xe Hoàng Minh Phát,"Address: An Bình, Bien Hoa, Dong Nai, Vietnam",10.9125347,106.8488571,[],,bãi đỗ xe Đồng Nai,Không xác định
723,724,Bãi đậu xe anh Đức,"Address: Hẻm 28 Nguyễn Du, Bửu Long, Biên Hòa, Đồng Nai, Vietnam",10.9578227,106.8096437,[],,bãi đỗ xe Đồng Nai,Biên Hòa
724,725,Giữ Xe Ngày Đêm,"Address: 48 Nguyễn Văn Cừ, Long Thành, Đồng Nai, Vietnam",10.7798159,106.950007,"[""Enthusiastic owner""]",5.0,bãi đỗ xe Đồng Nai,Đồng Nai
725,726,Bãi Xe 69,"Address: Đường 7A Khu Công Nghiệp Amata, Tân Hiệp, Biên Hòa, Đồng Nai, Vietnam",10.9516415,106.8706468,[],,bãi đỗ xe Đồng Nai,Biên Hòa
726,727,Bãi Xe Vạn Trường Thịnh,"Address: Tổ 2/78 QL15, Khu Phố 6, Biên Hòa, Đồng Nai, Vietnam",10.9258156,106.8825082,"[""The beach is wide and clean.\nThere is a place to rest and a comfortable toilet."", ""The weather is cool, suitable for relaxation.\nEnthusiastic and cheerful staff"", ""Spacious, airy and comfortable parking lot.\nProfessional, enthusiastic and friendly staff.""]",5.0,bãi đỗ xe Đồng Nai,Biên Hòa
727,728,Bãi xe ô tô hùng dương,"Address: A22 Xa lộ Hà Nội, Tân Hiệp, Biên Hòa, Đồng Nai, Vietnam",10.9590043,106.8784151,[],,bãi đỗ xe Đồng Nai,Hà Nội
728,729,BÃI CƠ GIỚI PHẠM UYÊN,"Address: 5 Võ Nguyên Giáp, Bình Minh, Trảng Bom, Đồng Nai, Vietnam",10.9376758,106.9715964,[],5.0,bãi đỗ xe Đồng Nai,Đồng Nai
729,730,Bãi xe Quốc Huy,"Address: 276 Đ. Phước Bình, Phước Bình, Long Thành, Đồng Nai, Vietnam",10.6717061,107.0588225,[],,bãi đỗ xe Đồng Nai,Đồng Nai
730,731,Khách đi xe,"Address: Hẻm361, tổ 18, Đ. Bùi Văn Hòa, Long Bình, Biên Hòa, Đồng Nai, Vietnam",10.9308089,106.877066,"[""Ok great, worth the experience""]",5.0,bãi đỗ xe Đồng Nai,Biên Hòa
731,732,Bãi xe oto A Tý,"Address: 267 Hoàng Bá Bích, Long Bình, Biên Hòa, Đồng Nai, Vietnam",10.9420381,106.8765161,"[""Spacious, cool bamboo roof, dedicated car wash!""]",5.0,bãi đỗ xe Đồng Nai,Biên Hòa
732,733,Bãi đậu xe công cộng,"Address: 52 Nguyễn Văn Trị, Quang Vinh, Biên Hòa, Đồng Nai, Vietnam",10.9470803,106.8121128,[],,bãi đỗ xe Đồng Nai,Biên Hòa
733,734,Bãi xe hoàng hưng,"Address: WR6G+PV5, Tân Vân, Biên Hòa, Đồng Nai, Vietnam",10.9117711,106.8272458,[],,bãi đỗ xe Đồng Nai,Biên Hòa
734,735,BÃI XE PHƯƠNG NAM NHƠN TRẠCH,"Address: PWH4+MHJ, ĐH13, Phú Hội, Nhơn Trạch, Đồng Nai, Vietnam",10.7294164,106.9067852,[],5.0,bãi đỗ xe Đồng Nai,Đồng Nai
735,736,Xe 247 .biên hòa đồng nai.,"Address: TO 12, KHU PHO 1, Biên Hòa, Đồng Nai, Vietnam",10.9346509,106.8515501,[],,bãi đỗ xe Đồng Nai,Biên Hòa
736,737,Bãi giữ xe chợ Vĩnh Tân,"Address: Tổ 12, ấp 2, Vĩnh Cửu, Đồng Nai, Vietnam",11.0491844,107.0219908,[],,bãi đỗ xe Đồng Nai,Đồng Nai
737,738,Bãi Xe công ty CP Thông Quan Việt Đức,"Address: WV9J+2R3, Long Bình Tân, Biên Hòa, Đồng Nai, Vietnam",10.9175066,106.8820481,[],,bãi đỗ xe Đồng Nai,Biên Hòa
738,739,Bãi xếp tài Mai Linh,"Address: XV4F+6QX, Hẻm 528 Xa lộ Hà Nội, Tân Hiệp, Biên Hòa, Đồng Nai, Vietnam",10.9561758,106.8727443,[],,bãi đỗ xe Đồng Nai,Hà Nội
739,740,bến đò sông Đồng Nai,"Address: 29/4 khu phố 1, Thống Nhất, Biên Hòa, Đồng Nai 02513, Vietnam",10.9489682,106.8413106,[],1.0,bãi đỗ xe Đồng Nai,Biên Hòa
740,741,Bãi gửi xe An Bình,"Address: 9 Trần Thị Hoa, An Bình, Biên Hòa, Đồng Nai, Vietnam",10.9320099,106.864445,"[""Plenty of parking""]",5.0,bãi đỗ xe Đồng Nai,Biên Hòa
741,742,Cứu Hộ Giao Thông Thống Nhất,"Address: Ấp Hưng nhơn, Thống Nhất District, Dong Nai, Vietnam",10.9374969,107.1204375,"[""Very good service, safe and very reasonable price. Happy driver. Will call when needed"", ""Affordable price, funny and enthusiastic driver 💙 …"", ""Enthusiastic and cheerful rescue""]",5.0,bãi đỗ xe Đồng Nai,Không xác định
742,743,Bãi Xe Đình Cường,"Address: VVXX+VJG, Võ Nguyên Giáp, Phước Tân, Biên Hòa, Đồng Nai, Vietnam",10.899688,106.899087,[],,bãi đỗ xe Đồng Nai,Biên Hòa
743,744,Bãi gửi xe gia an,"Address: XV8C+H42, KP 1, Biên Hòa, Đồng Nai, Vietnam",10.9663793,106.8702602,[],,bãi đỗ xe Đồng Nai,Biên Hòa
744,745,Bãi Giữ TAI OTO HOANG KHANG,"Address: XVFW+Q4X, Hoàng Văn Bổn, Tân Biên, Tp. Biên Hòa, Đồng Nai, Vietnam",10.9744814,106.8953513,"[""Good parking with guaranteed security""]",5.0,bãi đỗ xe Đồng Nai,Biên Hòa
745,746,ĐẠI BẢN DOANH TNLX ĐỒNG NAI,"Address: 75 Võ Nguyên Giáp, Phước Tân, Biên Hòa, Đồng Nai, Vietnam",10.8986915,106.8949771,[],4.0,bãi đỗ xe Đồng Nai,Biên Hòa
746,747,Bãi xe 2 Cty Trung Hưng Phát,"Address: Phường, An Phước, Long Thành, Đồng Nai 76000, Vietnam",10.8293729,106.9512427,[],,bãi đỗ xe Đồng Nai,Đồng Nai
747,748,Giữ xe Thanh Trì,"Address: 24 Điện Biên Phủ, Khu Phố 5, Trảng Bom, Đồng Nai, Vietnam",10.9488583,107.0059116,"[""Car parking service attentive""]",4.7,bãi đỗ xe Đồng Nai,Đồng Nai
748,749,Ô Tô Hữu Hà,"Address: XRJW+FJ9, Trảng Dài, Biên Hòa, Đồng Nai, Vietnam",10.9813905,106.8466673,[],5.0,bãi đỗ xe Đồng Nai,Biên Hòa
749,750,Giữ Xe Trần Đại Nghĩa,"Address: Nam Hòa/310 Ấp Bùi Chu, Bắc Sơn, Trảng Bom, Đồng Nai, Vietnam",10.9573581,106.9465064,"[""Spacious parking lot with overnight parking""]",5.0,bãi đỗ xe Đồng Nai,Đồng Nai
750,751,Bãi cát bà thời,"Address: 402/2/29 Hẻm số 524, An Bình, Biên Hòa, Đồng Nai, Vietnam",10.9353952,106.8500766,[],5.0,bãi đỗ xe Đồng Nai,Biên Hòa
751,752,Bãi Xe Ôtô - Tải,"Address: 41 Dương Bạch Mai, Tam Hiệp, Biên Hòa, Đồng Nai, Vietnam",10.9574163,106.8550671,[],5.0,bãi đỗ xe Đồng Nai,Biên Hòa
752,753,Bãi xe lâm bảo,"Address: WR7X+J8X, An Bình, Biên Hòa, Đồng Nai, Vietnam",10.9141101,106.8483663,[],5.0,bãi đỗ xe Đồng Nai,Biên Hòa
753,754,Lĩnh xe cẩu,"Address: Tổ 6 kp5 hẻm số 6, Vĩnh Cửu, Đồng Nai 76000, Vietnam",11.0874513,107.0385416,[],5.0,bãi đỗ xe Đồng Nai,Đồng Nai
754,755,Thành Garage Bửu Long,"Address: XQ4R+5PG, 475, Bửu Long, Biên Hòa, Đồng Nai, Vietnam",10.9554357,106.791829,[],4.2,bãi đỗ xe Đồng Nai,Biên Hòa
755,756,xe nhà Quốc,"Address: 37052 Hẻm 370 Xa lộ Hà Nội, Hố Nai, Biên Hòa, Đồng Nai, Vietnam",10.962785,106.8764869,[],,bãi đỗ xe Đồng Nai,Hà Nội
756,757,Bãi xe Ngọc Duy,"Address: WVF5+F5V KCN Biên Hòa 1, Đ. Số 3, An Bình, Biên Hòa, Đồng Nai, Vietnam",10.9237456,106.857925,[],,bãi đỗ xe Đồng Nai,Biên Hòa
757,758,Cửa Hàng Xe Nâng Sơn Bách,"Address: 91 Võ Nguyên Giáp, Phước Tân, Biên Hòa, Đồng Nai, Vietnam",10.89873,106.8992167,"[""Good service quality and very enthusiastic service staff, neat store space, high quality products, I really like the shop"", ""I am satisfied with the products and prices of Son Bach company. Good service attitude."", ""Points selling forklifts and forklift spare parts of all kinds at reasonable prices, easy to find, easy to find, easy to buy""]",5.0,bãi đỗ xe Đồng Nai,Biên Hòa
758,759,Út Đồng Nai,"Address: 623 ấp tân hạnh, Xuân Bảo, Cẩm Mỹ, Đồng Nai, Vietnam",10.8532592,107.2860057,[],,bãi đỗ xe Đồng Nai,Đồng Nai
759,760,Giữ Xe 39,"Address: XR2G+78Q, Hẻm 222, Thống Nhất, Biên Hòa, Đồng Nai, Vietnam",10.9507079,106.8258598,[],,bãi đỗ xe Đồng Nai,Biên Hòa
760,761,bãi xe TGP,"Address: WRJ6+VCR, Bửu Hoà, Biên Hòa, Đồng Nai, Vietnam",10.9322281,106.8110217,[],,bãi đỗ xe Đồng Nai,Biên Hòa
761,762,trần công,"Address: 40 Võ Nguyên Giáp, Phước Tân, Biên Hòa, Đồng Nai, Vietnam",10.8995999,106.9093125,"[""Enthusiastic staff, good repair, stable, good"", ""Respect customers, the boss talks very funny"", ""Very good. The crew is very handsome.""]",4.6,bãi đỗ xe Đồng Nai,Biên Hòa
762,763,Bãi xe Minh Đức,"Address: 118/2 Dương Bạch Mai, khu phố 1, Biên Hòa, Đồng Nai 76000, Vietnam",10.9564374,106.8531113,[],,bãi đỗ xe Đồng Nai,Biên Hòa
763,764,BÃI XE CÔNG TY TNHH TM DV VC BẢO ANH,"Address: VWJ4+X6J, Phước Tân, Biên Hòa, Đồng Nai, Vietnam",10.8824743,106.9055276,[],5.0,bãi đỗ xe Đồng Nai,Biên Hòa
764,765,DVDL Thanh Huyền,"Address: 91 Long Bình, Biên Hòa, Đồng Nai, Vietnam",10.9502665,106.8754583,"[""Reputation makes the brand""]",5.0,bãi đỗ xe Đồng Nai,Biên Hòa
765,766,Bãi Xe Container Ngân Lộc Thủy,"Address: WW7Q+W6W, Võ Nguyên Giáp, Phước Tân, Biên Hòa, Đồng Nai, Vietnam",10.9137048,106.9366747,[],,bãi đỗ xe Đồng Nai,Biên Hòa
766,767,Bãi đỗ xe oto,"Address: 252 Hoàng Bá Bích, Long Bình, Biên Hòa, Đồng Nai, Vietnam",10.9415927,106.8763056,[],,bãi đỗ xe Đồng Nai,Biên Hòa
767,768,Trạm cân 80 tấn,"Address: WWGQ+62J, Phước Tân, Biên Hòa, Đồng Nai, Vietnam",10.9255187,106.936776,[],4.0,bãi đỗ xe Đồng Nai,Biên Hòa
768,769,Cơm Gà Chỉ - Bãi Đậu Xe Tiến Hung,"Address: 3 Võ Nguyên Giáp, Phước Tân, Biên Hòa, Đồng Nai, Vietnam",10.9226422,106.9540011,[],,bãi đỗ xe Đồng Nai,Biên Hòa
769,770,Phu son Bắc son trang bom dong nai,"Address: WXV6+W8M, Ấp Phú Sơn, Trảng Bom, Đồng Nai, Vietnam",10.9448491,106.9607993,[],4.0,bãi đỗ xe Đồng Nai,Đồng Nai
770,771,Thành Nguyễn,"Address: 397 Đường Bùi Hữu Nghĩa, Tân Hạnh, Biên Hòa, Đồng Nai, Vietnam",10.9384925,106.8127174,[],,bãi đỗ xe Đồng Nai,Biên Hòa
771,772,Bãi gửi xe ôtô A.Giang,"Address: 254 An Chu, Bắc Sơn, Trảng Bom, Đồng Nai, Vietnam",10.9638808,106.9514852,[],,bãi đỗ xe Đồng Nai,Đồng Nai
772,773,Vũ hiền OTO68,"Address: XV8H+F8M, Unnamed, Road, Biên Hòa, Đồng Nai, Vietnam",10.966224,106.8783005,[],5.0,bãi đỗ xe Đồng Nai,Biên Hòa
773,774,Bien Hoa Bus Station,"Address: 8 , QL 1K, 04 Nguyễn Ái Quốc, Kp3, Biên Hòa, Đồng Nai, Vietnam",10.9543002,106.8092057,"[""Easy to go to Ho Chi Minh city, Dong Nai, Long An"", ""Multiple routes from Bien Hoa to places. I took 60-5 from Bien Hoa to Di An City. Good service""]",4.1,bãi đỗ xe Đồng Nai,Biên Hòa
774,775,DỊCH VỤ DU LỊCH TỶ PHÚ 2,"Address: 17/64 Nguyễn Ái Quốc, Tân Biên, Biên Hòa, Đồng Nai, Vietnam",10.9789078,106.8867004,[],5.0,bãi đỗ xe Đồng Nai,Biên Hòa
775,776,Bãi xe cty phú minh hoàn,"Address: WVJ4+WXM, An Bình, Biên Hòa, Đồng Nai, Vietnam",10.932338,106.8574215,[],,bãi đỗ xe Đồng Nai,Biên Hòa
776,777,Gara giữ xe oto Chú Út,"Address: m1 42/39 KP6, Tân Phong, Biên Hòa, Đồng Nai, Vietnam",10.9668174,106.8389248,"[""Reputable and cheap, only 50k sent overnight but the entrance is a bit cramped"", ""The garage is clean and reputable, vote 5*"", ""Spacious parking, clean, cheap.""]",5.0,bãi đỗ xe Đồng Nai,Biên Hòa
777,778,Thanh đặng,"Address: 181 Ng. Quyền, An Hoà, Biên Hòa, Đồng Nai, Vietnam",10.889547,106.861908,[],,bãi đỗ xe Đồng Nai,Biên Hòa
778,779,Bãi xếp tài Mai Linh,"Address: XR5W+5M8, Phạm Văn Thuận, Tân Mai, Biên Hòa, Đồng Nai, Vietnam",10.9579904,106.8466578,[],,bãi đỗ xe Đồng Nai,Biên Hòa
779,780,Nhà Xe Năm Hạnh Tuyến Biên Hòa _Cần Thơ _Ô Môn,"Address: XQ6W+RFX, Nguyễn Đình Chiểu, Bửu Long, Biên Hòa, Đồng Nai, Vietnam",10.962102,106.7962363,"[""This bus conductor talks rudely and rudely. He thinks he's an old man. At night he talks loudly and doesn't give passengers any quiet time. He gossips vulgarly."", ""Smooth car, friendly driver"", ""Not satisfied, bad service""]",2.8,bãi đỗ xe Đồng Nai,Biên Hòa
780,781,Ga Trung Hoà,"Address: W3M6+FP3, Trung Hoà, Trảng Bom, Đồng Nai, Vietnam",10.9336429,107.0617988,"[""A new station opened in Trang Bom district, with route Km1669+750. This place is used to avoid passenger trains and send empty cargo rams."", ""A very nice check-in spot"", ""Spacious clean and beautiful""]",4.7,bãi đỗ xe Đồng Nai,Đồng Nai
781,782,Garage Thanh Đồng,"Address: 35QQ+7F3, QL20, Phú Cường, Định Quán, Đồng Nai, Vietnam",11.0881416,107.1886679,"[""Specializing in repairing and painting all types of passenger cars. Building chassis, iron frames, etc."", ""Wide and professional""]",3.9,bãi đỗ xe Đồng Nai,Đồng Nai
782,783,Thuê Xe Giá Rẻ Biên Hòa 4c 7c 16c Xe Bán Tải,"Address: 20 Trần Thị Hoa, An Bình, Biên Hòa, Đồng Nai, Vietnam",10.9338924,106.8575425,"[""The car is clean, the driver team is cute and fun, very enthusiastic, everyone should experience it."", ""+ enthusiastic and thoughtful driver.\n+ Safe driving, new car.\n+ Driver knows Saigon roads well. …""]",5.0,bãi đỗ xe Đồng Nai,Biên Hòa
783,784,Giữ xe phòng công chứng,"Address: xe Buýt, Bến, Tôn Đức Thắng, Long Tân, Nhơn Trạch, Đồng Nai, Vietnam",10.7227206,106.8781848,[],5.0,bãi đỗ xe Đồng Nai,Đồng Nai
784,785,"Bùi thị xuân, hóa an, biên hòa, đồng nai","Address: WQPP+XV3, Bùi Thị Xuân, Hoà An, Biên Hòa, Bình Dương, Vietnam",10.9373896,106.7871722,[],,bãi đỗ xe Đồng Nai,Biên Hòa
785,786,Bãi xe Thiền viện,"Address: RXPF+3FP, An Phước, Long Thành, Đồng Nai, Vietnam",10.8352172,106.9736983,[],,bãi đỗ xe Đồng Nai,Đồng Nai
786,787,Đỗ xe và sạc điện xe vinfast,"Address: 118/9/36 Đ. Ng. Văn Tiên, Tân Phong, Biên Hòa, Đồng Nai, Vietnam",10.981682,106.8374028,[],4.0,bãi đỗ xe Đồng Nai,Biên Hòa
787,788,Dich Vu Xe Du Lich Boy Tran,"Address: Nguyễn Trung Trực, kp4 phuong, Biên Hòa, Đồng Nai, Vietnam",10.8885718,106.8885588,[],,bãi đỗ xe Đồng Nai,Biên Hòa
788,789,Nhà Xe DVPExpress,"Address: 128 Đ. Đồng Khởi, Tân Hiệp, Biên Hòa, Đồng Nai, Vietnam",10.954199,106.8683347,"[""Dang Vu Phat bus (DVP Express): clean, with shuttle support within Phan Thiet city. Friendly driver."", ""The bus company is very reputable!\nBooked from 7:14 am, 7:32 am, ticket closing time 2:00 pm\nI often take the bus so I'm sure the ticket booking zalo has the information. …"", ""Enthusiastic staff, diverse vehicles and logistics services, good driver, good price, worth the experience... Vote 5*""]",4.6,bãi đỗ xe Đồng Nai,Biên Hòa
789,790,Fecon South Workshop,"Address: WWCJ+X2H, Phước Tân, Biên Hòa, Đồng Nai, Vietnam",10.922428,106.9301114,[],5.0,bãi đỗ xe Đồng Nai,Biên Hòa
790,791,NHÀ XE MINH NHẬT PHÁT,"Address: 10B/5 TỔ 7 KP3, P, Đồng Nai, Vietnam",10.9637555,106.8640038,"[""Tourist car rental with 4-45 seats""]",4.3,bãi đỗ xe Đồng Nai,Đồng Nai
791,792,Bãi gửi xe ô tô Nội Bài Hồng Điệp - Gửi xe Nội Bài Hồng Điệp,"Address: Sân bay Nội Bài Đội, 2 Tân Trại, Phú Cường, Sóc Sơn, Hà Nội 10000, Vietnam",21.2113093,105.7943024,"[""Great place with great service and reasonably priced. This was our go-to parking place anytime we travelled from Noi Bai airport for two years.  They also arrange a taxi to drop you off/pick you up from the airport making it very convenient. Highly recommend it.""]",4.9,bãi đỗ xe sân bay Nội Bài,Hà Nội
792,793,Bãi gửi ôtô Việt Hà Nội Bài,"Address: Noi Bai International Airport, Phú Minh, Sóc Sơn, Hà Nội 10000, Vietnam",21.2131299,105.7965835,"[""Great\nThe owner is enthusiastic in picking up and taking care of guests well\nWill come back to park next time"", ""Very enthusiastic, good customer support. Everyone should support."", ""An interesting experience. The owner is enthusiastic and friendly. I left my car for 3 days from 4am and picked it up after 2am, all in my sleep, but the owner was still very enthusiastic and cheerful. The two of us took pictures late at night.""]",4.6,bãi đỗ xe sân bay Nội Bài,Hà Nội
793,794,Bãi gửi xe sân bay Nội Bài - Hoàng Long,"Address: Đối diện sân bay quốc tế Nội Bài, Phú Cường, Sóc Sơn, Hà Nội 100000, Vietnam",21.2133354,105.7917462,"[""The first time I traveled with my family, I was quite confused, but luckily I found a suitable parking lot. The staff here were very friendly, gave thoughtful instructions and also shared many interesting things about Hanoi. The service really impressed me, I will definitely come back next time and recommend it to everyone!"", ""The parking lot and shuttle staff are enthusiastic. The parking lot is spacious and airy. I often go on business trips, so I called Hoang Long to the lobby to get the car and give me money for security. It is absolutely safe."", ""When I and my family first went on a trip, we were still confused, but the parking lot we chose was very helpful. The brothers were all friendly and gave me a lot of guidance about Hanoi. I was very satisfied and will come back next time. I highly recommend it to everyone.""]",4.9,bãi đỗ xe sân bay Nội Bài,Hà Nội
794,795,Bãi gửi xe - Sân bóng Nội bài- Bia hơi Hà Nội,"Address: Khu Tập thể Sân bay nội bài Thôn, Thắng lợi, Sóc Sơn, Hà Nội, Vietnam",21.2086869,105.8106713,"[""The campus is beautiful, spacious, and has a soccer field restaurant. Service quality is ok. You should come and experience 🥰 …""]",4.9,bãi đỗ xe sân bay Nội Bài,Hà Nội
795,796,Bãi gửi xe ô tô sân bay Nội Bài Sơn Béo,"Address: bãi Cách nhà ga T1 & T2 100M, Tân Trại, Phú Cường, Sóc Sơn, Hà Nội 100000, Vietnam",21.2129874,105.7974781,"[""I've already packed my car here and there. The parking lot is fully covered and he is very cheerful"", ""Cheap price only 30k. The guy who looked after the car also enthusiastically took me to the airport for free"", ""Trust and peace of mind. Enthusiastic owner. 50k/day and night. Free motorbike ride to the airport, 50k for car. Will continue to support if there is a chance.""]",4.8,bãi đỗ xe sân bay Nội Bài,Hà Nội
796,797,Bãi xe htx Nội Bài,"Address: 6Q7X+3C7, Tân Trại, Sóc Sơn, Hà Nội, Vietnam",21.2126617,105.7985554,"[""Convenient location for overnight parking. Friendly staff."", ""Spacious parking lot with beautiful roof covering, open road, enthusiastic parking lot owners, closest to the airport among the lots here. Will support for a long time."", ""Very thoughtful, convenient and cheap""]",4.9,bãi đỗ xe sân bay Nội Bài,Hà Nội
797,798,Bãi Gửi Xe Bảo Lộc - Nội Bài,"Address: 6Q6W+P4X, Tân Trại, Sóc Sơn, Hà Nội, Vietnam",21.2118731,105.7953616,"[""Covered parking lot, reasonable price, enthusiastic service"", ""Clean covered parking lot, clear path, no alleys near the airport""]",4.9,bãi đỗ xe sân bay Nội Bài,Hà Nội
798,799,Bãi gửi xe ô tô 68 Hùng Cường Nội Bài,"Address: Đội 6, Tân Trại, Sóc Sơn, Hà Nội 100000, Vietnam",21.2104937,105.7986374,"[""Good, cheap car-packing near Noibai international airport"", ""Quality guaranteed, close to the road, convenient, called at 2am and still enthusiastically welcomed for 10 parking lot"", ""The parking lot owner has a mental problem. The customer called to ask first and then reported that it was no longer sent, so he texted the customer to blame.""]",4.9,bãi đỗ xe sân bay Nội Bài,Hà Nội
799,800,Bãi Xe Nguyễn Huệ,"Address: Tân Trại, Soc Son, Hanoi, Vietnam",21.2128953,105.7975688,"[""Great, professional, pleasant services"", ""Good service, enthusiastic (I arrived at the parking lot but forgot the key, they came back the second time without complaining). The parking lot is very spacious with a separate area for pickup trucks, the best thing is that it has a roof. …"", ""The service is quite ok. The minus point is that my car was very dirty after 2 months when I received it. I told the delivery staff and they said the car wasn't dirty at all 🤣🤣. The business owner said: I told the staff to wash it for me but maybe the staff forgot, sorry!!! 😄😁 …""]",4.6,bãi đỗ xe sân bay Nội Bài,Không xác định
800,801,Bãi gửi xe ô tô Trần Bách,"Address: Tân Trại, Phú Cường, Sóc Sơn, Hà Nội, Vietnam",21.2122747,105.7955369,[],4.9,bãi đỗ xe sân bay Nội Bài,Hà Nội
801,802,Bãi Gửi Xe Trần Sơn Nội Bài,"Address: Tân Trại, Soc Son, Hanoi, Vietnam",21.2123226,105.7932205,"[""Rate this parking lot 5* from service to service attitude."", ""Spacious yard for comfortable driving, and the car is also washed and cleaned. Will support long term if there is work."", ""The service is very enthusiastic and thoughtful, the concrete floor is clean, the price is reasonable, I will come next time""]",4.7,bãi đỗ xe sân bay Nội Bài,Không xác định
802,803,Bãi gửi xe Trường Sơn,"Address: Phú Cường, Soc Son, Hanoi, Vietnam",21.2127646,105.7944765,"[""Spacious, convenient, enthusiastic parking lot. Support Truong Son parking lot"", ""Enthusiastic parking. I've been posting here for several years now. Quite reassuring. Today I went to Map and found out there was this review, so I sent 5 stars to everyone who supports the parking lot."", ""Parking here every time I have a chance to fly, I have recommended it to friends. Very satisfied with the parking lot and the owner.""]",4.9,bãi đỗ xe sân bay Nội Bài,Không xác định
803,804,Bãi Gửi Xe Nội Bài Airport.,"Address: Số nhà 25 Đường Tân Trại 4, xã Phú Cường, Huyện Sóc Sơn, TP Hà Nội, Hà Nội, 000000, Vietnam",21.2103885,105.7936373,"[""Great. Enthusiastic, safe, thoughtful and cheap."", ""Good service. I will support again next time.""]",5.0,bãi đỗ xe sân bay Nội Bài,Hà Nội
804,805,Bãi Gửi Xe Thành An,"Address: Tân Trại, Phú Cường, Sóc Sơn, Hà Nội 100000, Vietnam",21.2116875,105.7952929,"[""Price is fair but 50k to the airport is a bit high as airport is just 1 km away."", ""Covered parking lot, enthusiastic and quick pick-up and drop-off, affordable prices. Very ok. You should go to this parking lot""]",4.5,bãi đỗ xe sân bay Nội Bài,Hà Nội
805,806,Bãi Gửi Xe Sân Bay Đoàn Lê,"Address: Đội 4 Tân Trại, Phú Cường, Sóc Sơn, Hà Nội 100000, Vietnam",21.2106396,105.7958891,"[""The parking lot is spacious and airy, the owner enthusiastically picks up and picks up the car when parking. Fire protection systems are all equipped,\nGet a free car wash when parking at the lot. …"", ""Your service is very reasonable 👍.\nFire prevention system ok. Enthusiastic 2-way pick-up and drop-off and free car wash. Great 💯. Thank you zai …""]",4.7,bãi đỗ xe sân bay Nội Bài,Hà Nội
806,807,Bãi gửi xe sân bay Nội Bài - KS,"Address: 6Q6W+FGH, Tân Trại, Sóc Sơn, Hà Nội 100000, Vietnam",21.2111899,105.7963453,"[""The K/S car parking lot is spacious and airy, covered, and the staff is quick and attentive. Take care of the car carefully, and even wash the car cleanly for customers before they pick up the car. I'm very pleased.""]",5.0,bãi đỗ xe sân bay Nội Bài,Hà Nội
807,808,Bãi gửi xe - Nội Bài,"Address: 6Q6W+H4P, Tân Trại, Sóc Sơn, Hà Nội, Vietnam",21.2114631,105.7953176,"[""Family car park with attentive service. The beach is impeccably clean. Hope the boss has a chance to come back to support"", ""Clean parking lot. Reputable business. Quick landlord. Very ok. Wherever I go, I can meet the boss. Wish boss 8286"", ""The family beach is clean, careful and very considerate. Make an appointment to support the boss""]",5.0,bãi đỗ xe sân bay Nội Bài,Hà Nội
808,809,Bãi Gửi Xe Ô Tô Nội Bài Dũng Lợi,"Address: Đội 3 Tân Trại, Phú Cường, Sóc Sơn, Hà Nội 12221, Vietnam",21.2100374,105.7950715,"[""Ok vote 5 stars.  Tien's friends check here and see Tien's comments. This beach is quite ok."", ""I give this beach the highest score among the more than 20 beaches I posted in Noi Bai. But the owner advertised so slowly that I didn't know about it until now. Will post here many more times."", ""Okay. The wide beach is much more beautiful than the beginning of the village. I sent a round in the village and still like this the best. Please send your votes here. Pleasant service 9/10""]",4.6,bãi đỗ xe sân bay Nội Bài,Hà Nội
809,810,Trần Anh Parking,"Address: 6Q7R+9R3, Phú Cường, Sóc Sơn, Hà Nội, Vietnam",21.2133803,105.792057,"[""Bad!\nSlow pick up, scheduled for 3 minutes and got a car. Waited 30 minutes.\nCalled for quote 2 nights 120k when paying asked for 240k"", ""I mistakenly parked my car at the parking lot next door and thought I was parking at TA. When I got there, I called TA to pick me up at sb to get the car. When I got to the parking lot, I realized I made a mistake. I apologized and paid for …""]",3.8,bãi đỗ xe sân bay Nội Bài,Hà Nội
810,811,Trạm phát vé lối vào ga nội địa sân bay Nội Bài,"Address: 6R72+GM5, Phú Cường, Sóc Sơn, Hà Nội, Vietnam",21.2137584,105.8017419,"[""Small and cute airport with several shops. Aiport is very clean including toilets and in this sense much better the rest of Vietnam airports.""]",4.3,bãi đỗ xe sân bay Nội Bài,Hà Nội
811,812,Bãi gửi xe Tuấn Đào OFFB,"Address: Ngõ 78, Thôn Tân Trại, Sóc Sơn, Hà Nội 10000, Vietnam",21.2080589,105.7962173,"[""Never been to the parking lot to visit him but I am extremely satisfied with his service. When I get near the lobby, I call him to pick up the car. When I land, I call him to bring the car up. When traveling or going somewhere at night, Mr. Tuan Dao is number 1.""]",4.5,bãi đỗ xe sân bay Nội Bài,Hà Nội
812,813,BÃI GỬI XE HẢI YẾN,"Address: Tân Trại, Phú Cường, Sóc Sơn, Hà Nội, Vietnam",21.2060001,105.7943897,"[""good service see you next time"", ""Enthusiastic service."", ""Good, see you next time""]",5.0,bãi đỗ xe sân bay Nội Bài,Hà Nội
813,814,Bãi Gửi Xe Minh Thu,"Address: Đường Thiện Tâm, Tân Trại, Sóc Sơn, Hà Nội 10000, Vietnam",21.2117225,105.7959081,"[""When my family goes on a trip, we park the car at the parking lot. The two of us drove very carefully and even offered drinks. Overall, thoughtful and enthusiastic."", ""The parking lot is clean and the entrance is airy. The thoughtful homeowner even washed my car."", ""The parking lot is large, clean, and has good security. The day I sent it there was a pretty sister, so I was happy""]",4.3,bãi đỗ xe sân bay Nội Bài,Hà Nội
814,815,Bãi gửi xe Vườn Xưa ( Nội Bài ),"Address: Tân Trại, Soc Son, Hanoi, Vietnam",21.2102459,105.7964284,"[""The owner is enthusiastic, the parking lot is clean, near the airport, I will come back, yes, sir. The car wash is clean, the shuttle is ok."", ""Friendly owner ok wide beach great"", ""Large, airy parking area, ideal place to park cars""]",5.0,bãi đỗ xe sân bay Nội Bài,Không xác định
815,816,Bãi gửi xe Trung Kiên,"Address: Thôn Tân Trại, Phú Cường, Sóc Sơn, Hà Nội 100000, Vietnam",21.2131743,105.7918291,"[""The parking lot is very reputable, the price is so reasonable, I sent 75 hours over 3 days to the airport lobby, and only charged 200k. Most respectfully, the owner still enthusiastically came out to welcome us back to the parking lot at 12 o'clock at night, when it was 10 degrees cold."", ""The parking lot serves enthusiastically. Also very agile. I'll always be there when I call you. Next time I'll bring a few people there."", ""Parking here is quite ok. Reasonable prices and professional staff pick you up at your door. Very satisfied with the yard's service""]",4.7,bãi đỗ xe sân bay Nội Bài,Hà Nội
816,817,Bãi gửi xe Thanh Tân,"Address: thôn Tân Trại, Phú Cường, Sóc Sơn, Hà Nội 100000, Vietnam",21.2105073,105.7930355,"[""Fully covered parking lot. Enthusiastic support, free car pick-up at the lobby, 24/7 camera. You can request the parking lot to share the camera directly to observe your car."", ""Enthusiastic staff, cheap price, safe. Really like the way the staff welcomes. Will recommend to friends""]",5.0,bãi đỗ xe sân bay Nội Bài,Hà Nội
817,818,Bãi Gửi Xe Yến Minh,"Address: 6Q7W+3CJ, Phú Cường, Sóc Sơn, Hà Nội, Vietnam",21.2127114,105.7965173,"[""Great, the parking lot is right at the beginning of the village, very close to the airport, and the price is very reasonable. The service is very professional. The parking lot is very spacious and has a carefully covered roof. This is a reputable and reliable address."", ""Too good and reputable""]",5.0,bãi đỗ xe sân bay Nội Bài,Hà Nội
818,819,Bãi gửi xe Nội Bài Hạ Vy,"Address: Tân Trại, Soc Son, Hanoi 100000, Vietnam",21.2101296,105.7941995,[],3.0,bãi đỗ xe sân bay Nội Bài,Không xác định
819,820,Bãi gửi xe Giang Còi - Nội Bài,"Address: Tân Trại, Phú Cường, Sóc Sơn, Hà Nội 10000, Vietnam",21.2098247,105.7949697,"[""Parking lot near the airport, very convenient for those who fly early or return late. Large lot, fully covered, with security cameras. When picking up the car, there is a free car wash. Especially, no need to leave the key, very secure."", ""The service is very enthusiastic, clean, near the airport, very good service, covered, online 24/7, has a shuttle, will support long term🩷🩷 …"", ""Enthusiastic service, parking lot near the airport, has camera, has shuttle. Will come back to support😘 …""]",5.0,bãi đỗ xe sân bay Nội Bài,Hà Nội
820,821,Xe sân bay nội bài,"Address: 6Q4R+W89, Phú Cường, Sóc Sơn, Hà Nội, Vietnam",21.2072925,105.790872,"[""Nice, new car. Good service. Drive attentively and carefully"", ""Good, attentive and enthusiastic service""]",4.0,bãi đỗ xe sân bay Nội Bài,Hà Nội
821,822,Bãi gửi xe oto sân bay Thắng Hiếu,"Address: Đội 2 thôn, Tân Trại, Phú Cường, Sóc Sơn, Hà Nội, Vietnam",21.2124858,105.7932394,"[""Great service, clean parking lot, with sun and rain cover. Carefully maintained passenger vans. Funny owner."", ""Parked the car here, fully equipped, guaranteed security, and has a very convenient free car wash service!!!"", ""Parked my car here, very good service""]",5.0,bãi đỗ xe sân bay Nội Bài,Hà Nội
822,823,Gửi xe sân bay nội bài Tuấn Hường,"Address: Đội 1 Thôn Tân Phú Phú Cường Hà nội, Hanoi City, 100000, Vietnam",21.2100838,105.7955857,[],5.0,bãi đỗ xe sân bay Nội Bài,Hà Nội
823,824,Bãi gửi xe ÔTÔ Nội Bài Văn Cường,"Address: Tân Trại, 4, Sóc Sơn, Hà Nội, Vietnam",21.2128468,105.7947321,"[""Spacious parking lot, clean, fast. Will come back ok"", ""Spacious parking lot, clean and reputable"", ""Spacious parking lot. Clean. Very satisfied.""]",5.0,bãi đỗ xe sân bay Nội Bài,Hà Nội
824,825,Bãi Gửi Xe 89 Nội Bài,"Address: Đường Tân Trại, thôn Tân Trại, Phú Cường, Sóc Sơn, Hà Nội 100000, Vietnam",21.2110246,105.7943178,"[""The parking lot is very reputable""]",4.0,bãi đỗ xe sân bay Nội Bài,Hà Nội
825,826,Bãi Gửi Xe Ô tô qua đêm Thành Hùng,"Address: 124 Tân Trại, 3, Sóc Sơn, Hà Nội 100000, Vietnam",21.2122408,105.7957029,"[""Parking is safe and convenient.\nGood shuttle support."", ""Sent and became familiar, reputable, free transport of motorbikes, 50k cars, leave the key for the owner of the parking lot ready to be typed so you don't have to enter the parking lot"", ""Procedures for sending a car are quick and safe. Airport transfer by motorbike is not good because it goes in the opposite direction and does not wear a helmet""]",4.0,bãi đỗ xe sân bay Nội Bài,Hà Nội
826,827,Bãi Gửi Xe Minh Nguyên,"Address: Đội 2, Tân Trại, Sóc Sơn, Hà Nội, Vietnam",21.2124138,105.7915455,"[""The owner is very enthusiastic!"", ""The parking lot is very ok. I chose the parking lot because of the good reviews of some people right on Google Map. The owner of the parking lot is friendly. I don't need to leave the key, he took me from the parking lot to the airport and …"", ""Your family is enthusiastic and friendly. Next time you wash your car, it will be sent to your yard.""]",5.0,bãi đỗ xe sân bay Nội Bài,Hà Nội
827,828,Bãi gửi xe Hoàn Thuyết,"Address: Thôn Tân Trại, Phú Cường, Hà Nội, 100000, Vietnam",21.2080576,105.7952898,"[""I sent it many times and introduced many friends. Although the beach is a bit far from the beginning of the village, it is not too far. In return, it is very spacious, not close to the car, the owner enthusiastically picks up guests, and …"", ""Every time I fly, I send this card. The owner serves attentively and enthusiastically. Spacious parking lot, no need to put cars too close together, full fire fighting equipment, very peace of mind."", ""The beach is spacious and airy, but as far as I know, the bus station lends a ride to other beaches. Now that they don't give rides anymore, they do dirty things and say bad things about the beach. If the customer doesn't want to change their mind, but politely message them back, they're still ok.""]",4.4,bãi đỗ xe sân bay Nội Bài,Hà Nội
828,829,Điểm trông giữ xe ô tô Hoàng Long,"Address: Gần Sân Bay Nội Bài, Hà Nội 100000, Vietnam",21.2080748,105.7929218,"[""reputable and discreet parking lot, the owner is very enthusiastic and friendly, and you also get a free car wash!! I will support this lot for a long time.""]",5.0,bãi đỗ xe sân bay Nội Bài,Hà Nội
829,830,Bãi gửi xe Nội Bài Tuấn Hiền,"Address: Bãi gửi xe Nội Bài Tuấn Hiền Đội, 1 Tân Trại, Phú Cường, Sóc Sơn, Hà Nội 100000, Vietnam",21.2099429,105.7923973,"[""Spacious, covered parking lot, free car wash, airport pick-up and drop-off"", ""Large, covered parking lot, close to the airport and airport pick-up, 5 stars!"", ""Friendly, reputable, good service quality.""]",5.0,bãi đỗ xe sân bay Nội Bài,Hà Nội
830,831,Sân Bay Nội Bài (Nhà Ga T2) - Phú Cường,"Address: Phú Cường, Soc Son, Hanoi, Vietnam",21.2169361,105.7938026,"[""Hanoi's Noi Bai International Airport, or Ha Noi airport, has got some impressive reviews! It's ranked 11th globally and 5th in Asia for its awesome queue management, which means less waiting around for you. This airport has a 3-star rating …"", ""A simple airport, with nothing much to do. Lots of parking outside and roads leading out of airport was well built and maintained."", ""The sale assistant was very rude. She asked me and my baby out for her to having lunch. I said We just watching and she very upset and said I need to eat. What is the bad customer service!""]",4.4,bãi đỗ xe sân bay Nội Bài,Không xác định
831,832,Bãi Gửi Xe Qua Đêm Tiến Thành,"Address: Tân Trại, Soc Son, Hanoi 100000, Vietnam",21.2133498,105.7916687,"[""The yard is very reputable. The price is reasonable. If I have a chance, I will come back to support"", ""Very good service, attentive staff""]",5.0,bãi đỗ xe sân bay Nội Bài,Không xác định
832,833,Bãi gửi xe Ngọc Sơn,"Address: 6Q6V+CVM, Tân Trại, Sóc Sơn, Hà Nội, Vietnam",21.2110958,105.7946571,"[""Enthusiastic and funny family. Very thoughtful, pick you up at your door, 24/7"", ""The beach is clean and covered, with pick-up and drop-off. Will come back"", ""Pretty good service. Will always support next time.""]",5.0,bãi đỗ xe sân bay Nội Bài,Hà Nội
833,834,Bãi gửi xe Tiến Hùng,"Address: Đường sân bay, Hà Nội, Vietnam",21.2128998,105.7977547,[],4.3,bãi đỗ xe sân bay Nội Bài,Hà Nội
834,835,Bãi gửi xe Trinh Hùng - Nội Bài,"Address: Tân Trại, Phú Cường, Sóc Sơn, Hà Nội 100000, Vietnam",21.2114086,105.7943383,"[""Enthusiastic and thoughtful pick-up and drop-off to the airport. Covered. Reasonable price 60k/day."", ""Great, pick up and deliver car at airport lobby, no extra charge, cheap price 60k/ 1 day and night and free car wash.""]",3.8,bãi đỗ xe sân bay Nội Bài,Hà Nội
835,836,Gửi xe nội bài Duy Xuân,"Address: 6Q6W+P4X, Tân Trại, Sóc Sơn, Hà Nội, Vietnam",21.211802,105.795352,"[""Easy to find, near Noi Bai airport, enthusiastic host""]",5.0,bãi đỗ xe sân bay Nội Bài,Hà Nội
836,837,Bãi gửi xe qua đêm Hải TRỌC,"Address: Tân Trại, Soc Son, Hanoi, Vietnam",21.2109487,105.7952427,"[""You don't have to worry about going to the airport anymore ✅"", ""Reasonable price and enthusiastic welcome""]",5.0,bãi đỗ xe sân bay Nội Bài,Không xác định
837,838,Bãi gửi xe Bình An khu vực Sóc Sơn,"Address: 6Q5V+X98, Tân Trại, Phú Cường, Sóc Sơn, Hà Nội, Vietnam",21.2099375,105.7934375,"[""Spacious parking lot, very cool, peace of mind when sending the car on long business trips. I sent the yard owner a long time to get a monthly ticket. Extremely conscientious and reputable. Will support long beach"", ""The parking lot is large, cool, and has peace of mind like the name of the parking lot \""Binh An\"". The garage can pick up and return the car at the airport, very convenient"", ""Wide and airy beach. The car is washed clean. The owner is very enthusiastic""]",5.0,bãi đỗ xe sân bay Nội Bài,Hà Nội
838,839,Bãi Gửi Xe Oto Trường Trọc (24/24),"Address: 6Q6W+HR, Phú Cường, Sóc Sơn, Hà Nội 100000, Vietnam",21.2111739,105.796933,"[""60k/day with shuttle to the airport""]",5.0,bãi đỗ xe sân bay Nội Bài,Hà Nội
839,840,Noi Bai Car - Xe Sân Bay Nội Bài Hoàng Anh,"Address: Phú Cường, Soc Son, Hanoi 00000, Vietnam",21.2141578,105.7970451,"[""The driver is handsome, enthusiastic with customers, the car runs smoothly and has good soundproofing, the car has the smell of lemongrass essential oil, suitable for people who often get car sick on long journeys. I will support you for a long time❤️""]",5.0,bãi đỗ xe sân bay Nội Bài,Không xác định
840,841,Sân Bay Nội Bài,"Address: Phú Cường, Soc Son, Hanoi, Vietnam",21.2148278,105.8000255,"[""I went to burger king and was good but we got our food and forgot to give us the ice cream that came with the value pack"", ""The sale assistant was very rude. She asked me and my baby out for her to having lunch. I said We just watching and she very upset and said I need to eat. What is the bad customer service!"", ""The airport is clean and busy but i got a nice support from the staffs here. Good!""]",4.2,bãi đỗ xe sân bay Nội Bài,Không xác định
841,842,Bãi Đỗ Xe Nhà Ga T1 (Chiều Kim Mã Đi Sân Bay NB),"Address: Phú Cường, Soc Son, Hanoi, Vietnam",21.2148911,105.7999595,"[""Clean , safety . Easy to get ."", ""Located near T2 station. In the afternoon, returning to the city, you will have to go to T1 station.""]",5.0,bãi đỗ xe sân bay Nội Bài,Không xác định
842,843,Bãi gửi xe Thiên Kỳ,"Address: Tân Trại, Phú Cường, Sóc Sơn, Hà Nội, Vietnam",21.2111067,105.795262,[],4.0,bãi đỗ xe sân bay Nội Bài,Hà Nội
843,844,Bãi gửi xe khách sạn Airport Transit - Sân bay Nội Bài,"Address: 22 Đ. Võ Nguyên Giáp, Thái Phù, Sóc Sơn, Hà Nội 100000, Vietnam",21.2025988,105.8328127,[],,bãi đỗ xe sân bay Nội Bài,Hà Nội
844,845,Hong Ha Parking Lot,"Address: 65 Hồng Hà, Phường 2, Tân Bình, Hồ Chí Minh, Vietnam",10.8103133,106.67024,"[""where Vietnam's first Boeing 707 was abandoned"", ""Wide, airy beach"", ""What day will I send the car, boss?""]",4.7,bãi đỗ xe sân bay Tân Sơn Nhất,Hồ Chí Minh
845,846,Hồ Chí Minh Sân bay Tân Sơn Nhất Bãi đậu xe nội địa,"Address: Phường 2, Tân Bình, Ho Chi Minh City, Vietnam",10.8134583,106.6631069,[],3.3,bãi đỗ xe sân bay Tân Sơn Nhất,Không xác định
846,847,TCP Garage- Tan Son Nhat International Airport,"Address: 45 Đ. Trường Sơn, Phường 2, Tân Bình, Hồ Chí Minh 700000, Vietnam",10.8134656,106.6635795,"[""This is the carpark for the domestic passenger terminal at Tan Son Nhat Airport. The side which faces the airport terminal building are consisted of food and beverages outlets like Mc Donalds and Starbucks."", ""Rude staff, zero respect between humans. I wonder if they hate their job so much or unwilling to work, why not stay at home? Nobody forces you to work."", ""I'm going to start parking elsewhere. Every time I leave my bike here for a couple of days, I come back to a broken mirror or a stolen helmet. …""]",3.5,bãi đỗ xe sân bay Tân Sơn Nhất,Hồ Chí Minh
847,848,Xe đón sân bay đi tỉnh giá rẻ,"Address: Tan Son Nhat Air Cargo Terminal, Nguyễn Văn Vĩnh, Phường 4, Tân Bình, Hồ Chí Minh, Vietnam",10.8136915,106.6667764,[],5.0,bãi đỗ xe sân bay Tân Sơn Nhất,Hồ Chí Minh
848,849,Bãi đỗ xe máy Aeon Mall,"Address: 30 Đ. Tân Thắng, Sơn Kỳ, Tân Phú, Hồ Chí Minh 700000, Vietnam",10.8014797,106.6182449,"[""Free, large parking lot"", ""Extremely large parking lot, best kept for free""]",5.0,bãi đỗ xe Aeon Mall,Hồ Chí Minh
849,850,Aeon Mall Long Biên (Đối Diện Cột Điện T4A/2A-B Đường Cổ Linh),"Address: Long Biên, Hanoi, Vietnam",21.0255422,105.900188,"[""Had a good shopping experience"", ""I really like Aeon Mall Long Bien because of 2 factors: there is a stroller for babies from 3 months old, the stroller can be adjusted to lie down or sit, helping me not have to carry the baby, making it easier to experience shopping, there …"", ""modern shopping center, excellent services, with quality products.""]",4.7,bãi đỗ xe Aeon Mall,Không xác định
850,851,Aeon Mall Long Biên,"Address: Long Biên, Hanoi, Vietnam",21.025079,105.90118,"[""Very good place to do shoping, the goods’s quality is verified and checked clearly!"", ""Among all the supermarkets in Hanoi, Aeon Mall is always number one in terms of service quality, variety and freshness of goods, services for mothers and babies are beyond belief, clean food, extremely convenient, free parking and spacious, great for virtual living ;)""]",4.1,bãi đỗ xe Aeon Mall,Không xác định
851,852,Đối Diện Aeon Mall Long Biên (Cột Điện T4A/2A-B Đường Cổ Linh),"Address: Long Biên, Hanoi, Vietnam",21.0254488,105.8997249,"[""Service is relatively good""]",4.1,bãi đỗ xe Aeon Mall,Không xác định
852,853,Nhà đỗ xe hơi Aeon Mall Tân Phú Celadon,"Address: 30 Đ. Tân Thắng, Sơn Kỳ, Tân Phú, Hồ Chí Minh, Vietnam",10.8003181,106.6156301,"[""The garage is very spacious, with separate entrances and exits, wide corners, and quite a slope so it's easy to get in and out.\nThe garage staff is very enthusiastic and especially free"", ""Large parking lot, easy to handle corners, gentle slope. FREE OF CHARGE.""]",4.9,bãi đỗ xe Aeon Mall,Hồ Chí Minh
853,854,Bãi Đỗ. Xe Oto Aeon,"Address: 2VGX+VFG, Long Biên, Hà Nội, Vietnam",21.0269462,105.8985723,"[""The parking lot is very large. If it's crowded, go to the 4th floor."", ""Convenient, free.""]",4.7,bãi đỗ xe Aeon Mall,Hà Nội
854,855,Nhà Để Xe Cán Bộ - Nhân Viên Bệnh Viện,"Address: 2R3Q+6V9, Phương Mai, Đống Đa, Hà Nội, Vietnam",21.0030423,105.8397335,"[""It's very bad. When I went to the hospital to go to the parking lot, the security guard didn't let me in and went through another gate. It wasn't clear because M was in a far away province so I didn't know so I turned around to look for the …""]",4.0,bãi đỗ xe bệnh viện Bạch Mai,Hà Nội
855,856,Bach Mai Hospital,"Address: 78 Đ. Giải Phóng, Phương Đình, Đống Đa, Hà Nội, Vietnam",21.0019627,105.8410423,"[""I had an excellent experience at this hospital, especially as a foreigner who doesn’t speak the language. My son was having an asthma attack due to the change in weather, poor air quality, and smoke. Even though we were using his rescue …"", ""My wife pay 400k to see the doctor about a strong headache since she got pregnant. …"", ""One of the biggest, the best-equipped hospitals not only in Hanoi, but also in Vietnam.""]",4.0,bãi đỗ xe bệnh viện Bạch Mai,Hà Nội
856,857,Bệnh Viện Bạch Mai - 78 Giải Phóng,"Address: Đống Đa, Hanoi, Vietnam",21.0010301,105.8411324,"[""We were tripping around Vietnam and my friend suffered a stroke. After he was stabilised I got him to this hospital in Hanoi. There was a very competent, efficient English speaking Vietnamese doctor at the top of the ramp going into the …"", ""Good place to see the doctor""]",4.1,bãi đỗ xe bệnh viện Bạch Mai,Không xác định
857,858,Greenway Self-Park Garage,"Address: 60 W Kinzie St, Chicago, IL 60654",41.8893768,-87.630126,"[""By far the worst experience I have ever had in a parking garage. I had purchased a prepaid ticket on Spot Hero. I scanned my prepaid ticket and my car was having issues excelling forward. My time was then up and the lever closed down. I …"", ""If you’re using SpotHero for this parking garage, please be careful.\n\nI don’t usually post reviews but the terrible customer service I received on …"", ""My prepaid QR wasn't working so I pressed the help button. The lady who responded wasn't helpful at all. She kept telling me to scan the QR code. I told her that wasn't working so she told me I had to leave. But there were already people …""]",3.7,bãi đỗ xe công cộng,Không xác định
858,859,Bãi Đỗ Xe Công Cộng Tuyên Quang,"Address: R6G3+46X, P. Phan Thiết, Tuyên Quang, Vietnam",21.8253663,105.2031154,[],,bãi đỗ xe công cộng,Phan Thiết
0,1,Parking 1 (bãi đỗ xe),"
293 Đ. Lê Duẩn, Lê Đại Hành, Đống Đa, Hà Nội, Vietnam",21.0149662,105.8415221,"[""Parking space is clear and convenient""]",4.5,bãi đỗ xe,
1,2,Parking 2 (bãi đỗ xe),"
65HW+96V, Lộc Thọ, Nha Trang, Khánh Hòa 650000, Vietnam",12.2284388,109.1954558,"[""Large parking lot, 24/7 surveillance cameras\nSecurity available\nCheap"", ""Spacious parking and better vehicle movement"", ""patient 1 month\nCan you send the car?"", ""Wide beach, close by, ok price 👍 …"", ""Wide, cheap beach""]",4.8,bãi đỗ xe,
2,3,Parking 3 (bãi đỗ xe),"
8(Hoc vien Ngan hang Viet Nam) Đ. Tôn Thất Thiệp, Bến Nghé, Quận 1, Hồ Chí Minh, Vietnam",10.77389,106.702881,"[""Scammers! Don’t ever park your bike there. They charge 20k for few hours parking, which is for vn standard’s quite scammy!!!!"", ""20k for a bike??? Nah"", ""Expensive"", ""More expensive than other places. Weekends or when PDB has festivals, the price is 15-20k. During Tet and holidays, it is 30-50k. Why haven't I seen the police working?"", ""I parked my car on April 19, 2025 from 7:00 a.m. to 9:30 a.m., the parking lot was trying to cram the car around without a smart key, so I thought I'd find it. There's no driveway. When I asked the guy inside about the pre-paid price, he …"", ""The parking lot is uneducated and uneducated, cramming other people's cars. April 19 is a normal day, it's not a holiday yet, the price is 50k, the staff even wants to punch customers while going in and out, blocking the road, the cars are pushed together and then crash loudly!"", ""Seeing myself taking out my phone to record, my attitude was completely different. At first it was terrible. The story is that I visited the parking lot on October 25, 2024 around 9pm. When I went in, there was a guy (he couldn't speak). I …"", ""Business is bad. Quoting a price at one time and then pressuring the price. Why live without virtue? Went to see the drone and reported 20k. When I came out, I got 30k. The problem is I don't save 30k but please list the price. Quoted one price but when I went out I got the same price, I felt like a cow trying to lead the star."", ""The parking lot is located in a central location\nIt seems to be a spontaneous parking lot so the staff is not professionally trained …""]",2.2,bãi đỗ xe,
3,4,Parking 4 (bãi đỗ xe),"
Tân Trại, Soc Son, Hanoi, Vietnam",21.2128953,105.7975688,"[""Great, professional, pleasant services"", ""Good service, enthusiastic (I arrived at the parking lot but forgot the key, they came back the second time without complaining). The parking lot is very spacious with a separate area for pickup trucks, the best thing is that it has a roof. …"", ""The service is quite ok. The minus point is that my car was very dirty after 2 months when I received it. I told the delivery staff and they said the car wasn't dirty at all 🤣🤣. The business owner said: I told the staff to wash it for me but maybe the staff forgot, sorry!!! 😄😁 …"", ""Parking many times, enthusiastic, reasonable price, with car to the airport"", ""Enthusiastic, have a phone number to go to the airport to call the driver to return the post. When you fly back and drive out, if you don't want to return the key, a car or motorbike will come pick you up. Very enthusiastically remind customers of flight times, including 5am :)"", ""If you have friends going to the airport and want to park your car, please come here. Service quality is ok. Coverage guaranteed"", ""Good service quality. Next time, send it again."", ""Enthusiastic and thoughtful service"", ""Call enthusiastically. And fast"", ""10 points for the owner""]",4.6,bãi đỗ xe,
4,5,Parking 5 (bãi đỗ xe),"
658Q+37X, Đ. Số 10, Phước Long, Nha Trang, Khánh Hòa, Vietnam",12.21525,109.188224,[],,bãi đỗ xe,
5,6,Parking 6 (bãi đỗ xe),"
128E P. Nguyễn Đức Cảnh, Cát Dài, Lê Chân, Hải Phòng, Vietnam",20.8534544,106.6717501,"[""Recently, there has been a phenomenon of occupying public parking areas for private purposes, encroaching on sales, and parking is no longer as comfortable as in the beginning."", ""This place often has problems with lack of space and a lot of trash."", ""Spacious car parking lot in Hai Phong."", ""The parking lot is large and crowded."", ""Need cut""]",4.5,bãi đỗ xe,
6,7,Parking 1 (parking lot),"
Old Upper Thomson Rd, Parking lot, Singapore 573868",1.3703809,103.8275546,"[""\nWrite a review"", ""Write a review"", ""\nSort"", ""nature"", ""public toilet""]",4.2,parking lot,
7,8,Parking 2 (parking lot),"
Lornie Road, Reservoir Rd, Parking lot",1.3412162,103.8340349,"[""\nWrite a review"", ""Write a review"", ""\nSort"", ""jogging""]",4.4,parking lot,
8,9,Parking 3 (parking lot),"
18 Angullia Park, Singapore 239973",1.3049144,103.8297696,"[""Outdoor carpark at cheap rates in orchard. It is strategically located between far east shopping center with walking access to Ion. As it is outdoor and laden with trees all around, you will have a high chance to get bird poop on your car. …"", ""Horrible carpark for motorcycles.Many foreigners who parked there have no regard nor respect as to how it works down here by parking very,very really close to the bikes next to them like how they would do back there.Many shared lots when it is supposed to be one bike for one lot."", ""Quite a big open space car park. Came early and only left few lots. Not really cheap car park."", ""Had a few experiences of waiting for hubby and inconsiderate drivers esp SUV will happily slam into your car thinking nobody.  Park at own risk. TOYOTA SS6605CC ie consular corp diplomat Hongkie sounding owner-- just don't park beside his …"", ""Economical parking at Orchard, just that it is unsheltered. Went on a Sunday morning before 11am and there were still 100+ lots. Perhaps if anyone knows any other economical options can let me know?"", ""Quite full when I visited at lunch time. Traffic is ok. Manage to get a slot within 10 minutes. There are many cars waiting as well at the timing, just need to get lucky to get slot near where you are waiting. Left around 3pm and there were …"", ""Cheapest parking in orchard (I think!) Gets filled up quickly but the turnover is fast too. People coming and leaving every 5-7mins."", ""Cheapest carpark along Orchard rd. Only if u can find a lot. Avoid peak hr betw 12-2pm and after 5pm"", ""The traffic movement here is quite disoriented."", ""Carpark always full & expensive for a few hours""]",4.0,parking lot,
9,10,Parking 4 (parking lot),"
316B Ang Mo Kio Street 31, Singapore 563316",1.3644583,103.8476638,"[""Of the 3 MSCPs in Teck Ghee Vista, this one is the closest to Teck Ghee Court Food Centre & the Ang Mo Kio–Yio Chu Kang Town Council office, with sheltered walkways linking them. The car park has 6 levels, with a passenger lift at Staircase …""]",3.0,parking lot,
10,11,Parking 5 (parking lot),"
31 Hindoo Rd, Singapore 209119",1.3079722,103.8545876,"[""Good carpark with normal rates that you can find all round singapore. Its near many malls and shops as well as a variety of food options. It is a prime location to park your car if you do not wish to park on the roadside illegally or climb the stairs up to the nearby multistory carpark"", ""Very good""]",5.0,parking lot,
11,12,Parking 1 (bãi giữ xe),"
2, Tống Hữu Định, Phường Thảo Điền, Quận 2, Thành Phố Hồ Chí Minh, Thảo Điền, Thủ Đức, Hồ Chí Minh, Vietnam",10.8061749,106.7333204,[],,bãi giữ xe,
12,13,Parking 2 (bãi giữ xe),"
235 Nguyễn Văn Cừ, Phường Nguyễn Cư Trinh, Quận 1, Hồ Chí Minh, Vietnam",10.7635045,106.6826608,"[""Spacious parking lot, daily car rental morning - evening 50k. Overnight 100k. Saw a motorbike kept. The staff are also cute. In District 1, I think it's better than sending to Nowzone or Nikko vault."", ""Exorbitant prices. Parking from 8am to 3pm costs 100k, while parking outdoors without a roof and in puddles. There is no posted price list, the staff collects it themselves."", ""Spacious, no need to leave a lock outside the shack, price 70k from morning to afternoon"", ""Spacious parking lot, affordable price.\nDisadvantage: walking to the hospital is a bit far"", ""very expensive, self-collected price, no listing at all."", ""Normal motorbike 10,000 VND / 1 day today there is a 4-day delivery for 20,00 VND / 1 day. 4 days 80,000 VND. Cut people's throats"", ""My brain is blown...wash the car and spray it with water and then give it to the customer.\nThe back of the trunk is the same"", ""One-time deposit of 50k, charged in the morning and afternoon, must leave the key. There is a porch area and a sky area, generally quite spacious, but the entrance gate is a bit small."", ""One session 50k, whole day 100k. Monthly ticket 1,800,000 does not include roof cover, first come first served. Where the car has two rows of roofs, leave the keys. Operates 24/7. Happy staff."", ""Wide parking lot. Keep during the day 50K, before 10am the next day 100K, after 10am 120K, after 5pm 150K""]",4.0,bãi giữ xe,
13,14,Parking 3 (bãi giữ xe),"
189 Đ. Hòa Bình, Hiệp Tân, Tân Phú, Hồ Chí Minh 72000, Vietnam",10.7711156,106.6282581,"[""It's hard for a weak female driver like me to start the car so I don't meet the cute staff who give me a lot of support 👍👍👍👍👍 …"", ""Beautiful, safe, professional parking lot! I feel very secure when sending here! The entrance is spacious and extremely convenient. For a female driver like me, it's really easy to get in and out of the parking lot, and there's even a car wash! Wow! I really like it!⭐️⭐️⭐️⭐️⭐️"", ""Clean parking lot, security, surveillance cameras, safe, enthusiastic service style, feel very satisfied with the experience."", ""Clean, airy and spacious."", ""Ok, spacious and clean"", ""Reference price:\n- send from 6pm to 5:30pm: 50k\n- send from 10pm the previous day to 4pm the next day: 200k"", ""The parking lot is modern, clean, safe and the service is very good"", ""Spacious parking lot. Service quality is very good"", ""Nice parking lot..clean..Good fire protection. Worth sending your beloved car"", ""The parking lot is spacious and the staff is also very friendly""]",4.9,bãi giữ xe,
14,15,Parking 4 (bãi giữ xe),"
10°44'37.2""N 106°36'35.4""E 41l, Đường 32, Khu Phố 3, Bình Tân, Hồ Chí Minh 10000, Vietnam",10.743588,106.6098217,"[""Good service, reasonable price, spacious parking lot, friendly and enthusiastic staff 😊👍 …""]",5.0,bãi giữ xe,
15,16,Parking 5 (bãi giữ xe),"
18 Nguyễn Kim, Phường 12, Quận 5, Hồ Chí Minh, Vietnam",10.7563599,106.6632741,"[""Parking in the basement of a shopping mall. The shopping mall is old, so this basement area looks old compare to most of the shopping malls’ parking in this city."", ""It's a big shopping center but the parking lot is poorly arranged. There are a lot of security guards who help with the arrangements. Most of the time, after sending the car, it is very difficult to get the car."", ""Employees of Ngoc Hue Co., Ltd. have an oppressive attitude that makes it difficult for customers to handle the process of losing their parking card. Request to retain original identification documents and vehicle documents overnight …"", ""The parking lot is not very large, there is a security guard to help show you empty spaces to park. Overall it's OK."", ""The staff has a rude attitude towards customers, they should review their way of working"", ""The security guard has a poor attitude and is rude to guests"", ""Parking is not safe, service attitude is not good"", ""It is very difficult to get the car, the security does not support it"", ""Grumpy and rude staff"", ""Poor attitude staff!""]",3.4,bãi giữ xe,
16,17,Parking 6 (bãi giữ xe),"
606 Đ. Trần Hưng Đạo, Phường 2, Quận 5, Hồ Chí Minh, Vietnam",10.7551774,106.6799095,"[""Spacious parking lot. Affordable price.\nIn the heart of Ho Chi Minh City, having a parking lot is great, covered but limited …"", ""Spacious and comfortable parking. There is a parking area for cars to drink coffee at Nhat Nguyet, park for a few hours and then go. Anything longer than the staff for guidance."", ""In the city center, this beach is too large, the first 3 hours cost 50k"", ""Spacious parking lot, located right in the center so very convenient. Reasonable price."", ""I sent my car on May 11, 2025 with a very bad experience, the person who punched the card was extremely bossy with an insulting attitude and words!!! My friend and I drove 2 cars and my friend paid for my back car. My friend asked very …"", ""The parking attendant is like a thug. Even when entering the parking lot, they are forced to pay 50k"", ""Spacious parking"", ""Giving change but not giving change but still waiting for change even if it's just that much. Bad parking lot, shouldn't park there.""]",4.0,bãi giữ xe,
17,18,Parking 1 (khu đỗ xe),"
26CV+R9M, Đ. Nghiêm Xuân Yêm, Khuê Mỹ, Ngũ Hành Sơn, Đà Nẵng, Vietnam",16.0220829,108.2434121,"[""a year ago"", ""2 years ago"", ""3 years ago"", ""\nWrite a review"", ""Write a review"", ""\nSort"", ""\n\n\n\n""]",4.5,khu đỗ xe,
18,19,Parking 2 (khu đỗ xe),"
MQG5+2H9, Hẻm 2596 Hùynh Tấn Phát, Phú Xuân, Nhà Bè, Hồ Chí Minh, Vietnam",10.6750409,106.7589841,[],,khu đỗ xe,
19,20,Parking 3 (khu đỗ xe),"
VMF2+22V, Sở Dầu, Hồng Bàng, Hải Phòng, Vietnam",20.8726241,106.6500538,[],,khu đỗ xe,
20,21,Parking 4 (khu đỗ xe),"
Đ. Mễ Trì, Khu đô thị Mễ Trì Hạ, Nam Từ Liêm, Hà Nội 12012, Vietnam",21.0143398,105.7816885,"[""Good place for a walk"", ""I have parked my car several times and found it very clean and the price is reasonable. I will definitely come back next time."", ""Clean basement, reasonable price. Especially when the whole Hanoi is flooded, my car is still dry :))"", ""The basement is clean, full security, parking without worrying about rain or sun. Overall, very good."", ""High, airy, clean parking lot with good service quality."", ""The parking garage is clean and the service quality is good"", ""Spacious, clean basement, reasonable price"", ""Clean and polite service"", ""Pccc good. Modern.""]",4.9,khu đỗ xe,
21,22,Parking 1 (bãi đỗ xe hà nội),"
39b P. Phúc Xá, Phúc xá, Ba Đình, Hà Nội, Vietnam",21.0478608,105.8457672,"[""Like ..."", ""The parking lot is large, covered and outdoor, the price is cheaper than other parking lots in the area, guarded day and night. Covered price is 2 million/month, outdoor is 1.5 million/month."", ""The parking lot is large but not covered, so you have to leave your car keys behind""]",4.3,bãi đỗ xe hà nội,
22,23,Parking 2 (bãi đỗ xe hà nội),"
2RQH+JJV, Ngọc Hồ, Ba Đình, Hà Nội, Vietnam",21.0391194,105.8290374,"[""It's a bubbly and a energetic space of Hanoi a part of the old Quarter but bang on the north west point of the Hoan Kiem Lake..\nIt's not too hard to find a parking space here especially for bikes even in the …"", ""Always full of cars,want to park here should have good chance."", ""satisfied"", ""The parking lot is very spacious and airy, the security guard is very enthusiastic."", ""I just passed by but the beach is very beautiful."", ""Reasonable price. Facilities are a bit degraded."", ""Okay, try to develop""]",3.9,bãi đỗ xe hà nội,
23,24,Parking 3 (bãi đỗ xe hà nội),"
2RJ5+QPF, Ngọc Khánh, Ba Đình, Hà Nội, Vietnam",21.0319313,105.8093104,"[""Car and motorbike parking lot, VETC sweeps by the hour is also quite high. The lot is just gravel with no markings. There is also no roof, quite makeshift."", ""Ok, support payment by VETC, OTO 25,000 VND/hour"", ""The parking lot has a clear price list.\nIt's old and degraded, dusty when the sun is shining, muddy when it rains, and has no roof for the car."", ""50k/turn."", ""If it's long term, go in. If it's quick, go to Lotte or Daawoo for convenience"", ""The parking lot is quite large"", ""Large parking lot, bad road, price around 25k/hour"", ""Satisfied"", ""Currently under renovation, you can't see much. Drinks are 3 to 5 times more expensive than outside.""]",3.8,bãi đỗ xe hà nội,
24,25,Parking 4 (bãi đỗ xe hà nội),"
315 Đ. Trường Chinh, Khương Thượng, Thanh Xuân, Hà Nội, Vietnam",21.0018285,105.8229903,"[""The parking lot is spacious, there is a high-rise parking lot for cars, getting a car is quite convenient, and the staff is enthusiastic to support customers."", ""Please give me your phone number"", ""Spacious parking lot, guaranteed security, convenient. Enthusiastic staff."", ""Spacious parking lot, multi-storey, okie service"", ""The building has 8 floors and 1 underground parking"", ""Modern, civilized and convenient parking lot"", ""The garage staff are enthusiastic, the parking lot is spacious, safe and clean."", ""Works quite professionally""]",4.9,bãi đỗ xe hà nội,
25,26,Parking 5 (bãi đỗ xe hà nội),"
33 P. Lý Thường Kiệt, Hàng Bài, Hoàn Kiếm, Hà Nội, Vietnam",21.0224655,105.8532371,"[""Linh Pho chicken noodle soup is open from 5:00 p.m. to 11:00 p.m"", ""Friendly and enthusiastic staff""]",4.8,bãi đỗ xe hà nội,
26,27,Parking 6 (bãi đỗ xe hà nội),"
36 P. Hoàng Cầu, Chợ Dừa, Đống Đa, Hà Nội, Vietnam",21.0190385,105.8242586,[],4.0,bãi đỗ xe hà nội,
0,1,Parking 1,"
13 Tây Thạnh, Tân Phú, Hồ Chí Minh, Vietnam",10.809646,106.619733,[],,bãi đỗ xe,Không xác định
1,2,Parking 2,"
752W+WM2, Trần Phú, Vạn Thạnh, Nha Trang, Khánh Hòa 650000, Vietnam",12.2522668,109.1966326,"[""A space where you can park small vehicles."", ""In this parking lot, every day from 5pm to 11pm, there is a stall selling good milk tea (bubble tea)."", ""Parking lot next to the beach for motorbikes and small cars."", ""Free parking for tourists. Come out here in the afternoon to catch the wind and watch the sea"", ""comfortable parking, this place is ok to stop by and visit"", ""Free parking for tourist cars, supporting tourists visiting Nha Trang beach and people going to exercise.\nAlong the coast, more parking lots like this need to be built."", ""Clean road, nice view"", ""quite a nice view point"", ""A great place to relax and have a great time sunbathing on the beach.""]",4.8,bãi đỗ xe,Nha Trang
2,3,Parking 3,"
Old Upper Thomson Rd, Parking lot, Singapore 573868",1.3703809,103.8275546,[],4.2,parking lot,Không xác định
3,4,Parking 4,"
Thạnh Lộc, District 12, Ho Chi Minh City, Vietnam",10.8682805,106.6862007,[],,bãi giữ xe,Không xác định
4,5,Parking 5,"
415 Đ. An Dương Vương, Phường 10, Quận 6, Hồ Chí Minh 73100, Vietnam",10.7427987,106.6230977,"[""I just got my car home a week ago and was looking for a place to park it when I found a nice, large, clean lot right near my house. Enthusiastic support from the guys at the yard. The price is extremely cheap."", ""Just arrived and booked. The parking lot is large so you can choose a good location. The garage is clean, has cameras and good lighting system for getting the car at night. 5 stars."", ""I am a technology driver, 1km from my house, I happened to see a 24/7 parking sign so I stopped by to ask and decided to rent long term. Before, I parked my car on the street, it was unsafe, I broke the windows all the time. Hiccc"", ""- see near house drive over to park, see big parking lot, turn around comfortably, each car has its own space, clean, staff drive in and out to help when preparing to leave"", ""Reasonable price, very clean indoor parking for cars and motorbikes, lovely staff. Thank you very much"", ""Indoor parking lot, spacious and comfortable, friendly prices with free car wash"", ""I parked my car here for a month and got a free car wash and a free car cover. Very good service, thank you"", ""The parking lot is too large and of good quality. It's a pity because it's too far from my place."", ""Large parking lot with friendly prices and free car wash"", ""The beach is so beautiful. I asked if the price was too cheap and booked a place.""]",5.0,bãi giữ xe,Không xác định
5,6,Parking 6,"
26CV+R9M, Đ. Nghiêm Xuân Yêm, Khuê Mỹ, Ngũ Hành Sơn, Đà Nẵng, Vietnam",16.0220829,108.2434121,"[""a year ago"", ""2 years ago"", ""3 years ago""]",4.5,khu đỗ xe,Đà Nẵng
6,7,Parking 7,"
8 Tagore Dr, #01-00 Techniques Building, Singapore 787624",1.3874419,103.8270583,[],4.9,garage,Không xác định
7,8,Parking 8,"
Lornie Road, Reservoir Rd, Parking lot",1.3412162,103.8340349,[],4.4,parking,Không xác định
8,9,Parking 9,"
39b P. Phúc Xá, Phúc xá, Ba Đình, Hà Nội, Vietnam",21.0478608,105.8457672,"[""Like ..."", ""The parking lot is large, covered and outdoor, the price is cheaper than other parking lots in the area, guarded day and night. Covered price is 2 million/month, outdoor is 1.5 million/month."", ""The parking lot is large but not covered, so you have to leave your car keys behind""]",4.3,bãi đỗ xe Hà Nội,Hà Nội
9,10,Parking 10,"
40 Xóm Chùa, Quảng An, Tây Hồ, Hà Nội, Vietnam",21.0626553,105.8227416,"[""Drinks are good, staff is also enthusiastic, the shop space is beautifully decorated"", ""The shop is so beautiful, it looks cool, very retreat, very green.\nThe shop plays good music. I like Dung Cuc's song the most, very handsome. Thanh Kieu"", ""The service staff is very enthusiastic and friendly, the food suits my taste, especially Ragu. Will come back next time"", ""Drinks and delicious food\nEnthusiastic service staff"", ""The shop's space is beautiful, suitable for those who like to take photos. Lots of cool green trees. Enthusiastic and lovely staff. Very lovely."", ""Delicious drinks, gentle and cute staff 😘 …"", ""The drinks are delicious, the food is not to my taste so I won't rate it. The staff are lovely, see you again next time Gather"", ""Good food, beautiful space"", ""Enthusiastic take care staff and delicious drinks"", ""Delicious water, beautiful restaurant, very western culture""]",5.0,parking lot Hà Nội,Hà Nội
10,11,Parking 11,"
2RQH+JJV, Ngọc Hồ, Ba Đình, Hà Nội, Vietnam",21.0391194,105.8290374,[],3.9,bãi giữ xe Hà Nội,Hà Nội
